case,node_id,residue_a_idx,residue_b_idx,true_label,pred_label,prob_class_1,error_type,ca_distance_basic_feature,degree_a_basic_feature,degree_b_basic_feature
1BRS_A_B,6,4,94,0,1,0.5032820105552673,FP,-0.3968698978424072,0.11932213604450226,-0.23494550585746765
1BRS_A_B,8,4,96,0,1,0.5424696803092957,FP,-0.7990474104881287,0.11932213604450226,0.8273158073425293
1BRS_A_B,10,4,105,0,1,0.5326560139656067,FP,-0.950472891330719,0.11932213604450226,0.47322869300842285
1BRS_A_B,11,4,106,0,1,0.5281030535697937,FP,-1.4032686948776245,0.11932213604450226,-0.9431197047233582
1BRS_A_B,12,4,107,0,1,0.5444486141204834,FP,-1.4153498411178589,0.11932213604450226,-0.5890325903892517
1BRS_A_B,27,5,107,1,0,0.4633147418498993,FN,-1.7326315641403198,-1.2988510131835938,-0.5890325903892517
1BRS_A_B,72,9,107,1,0,0.43778854608535767,FN,-1.3539341688156128,-0.5897644758224487,-0.5890325903892517
1BRS_A_B,89,12,109,1,0,0.39497801661491394,FN,-1.2385972738265991,-0.5897644758224487,-1.2972067594528198
1BRS_A_B,104,91,109,0,1,0.5007153749465942,FP,-1.1474226713180542,0.11932213604450226,-1.2972067594528198
1BRS_A_B,111,92,94,0,1,0.54891437292099,FP,-0.4951266348361969,-0.23522116243839264,-0.23494550585746765
1BRS_A_B,112,92,95,0,1,0.5499817132949829,FP,-0.6303132772445679,-0.23522116243839264,0.8273158073425293
1BRS_A_B,113,92,96,0,1,0.5595484972000122,FP,-0.44254717230796814,-0.23522116243839264,0.8273158073425293
1BRS_A_B,114,92,97,0,1,0.5086196660995483,FP,-0.21785753965377808,-0.23522116243839264,1.1814029216766357
1BRS_A_B,115,92,105,0,1,0.5000714063644409,FP,0.10162778198719025,-0.23522116243839264,0.47322869300842285
1BRS_A_B,116,92,106,0,1,0.5109686255455017,FP,-0.4702257812023163,-0.23522116243839264,-0.9431197047233582
1BRS_A_B,117,92,107,0,1,0.5602293014526367,FP,-0.8322893381118774,-0.23522116243839264,-0.5890325903892517
1BRS_A_B,118,92,108,0,1,0.5253129601478577,FP,-1.237876296043396,-0.23522116243839264,-0.9431197047233582
1BRS_A_B,119,92,109,0,1,0.5566633343696594,FP,-1.4306235313415527,-0.23522116243839264,-1.2972067594528198
1BRS_A_B,126,93,94,0,1,0.5612696409225464,FP,-0.5554562211036682,0.8284087181091309,-0.23494550585746765
1BRS_A_B,127,93,95,0,1,0.5650307536125183,FP,-0.7398039102554321,0.8284087181091309,0.8273158073425293
1BRS_A_B,128,93,96,0,1,0.581851065158844,FP,-0.6822509765625,0.8284087181091309,0.8273158073425293
1BRS_A_B,129,93,97,0,1,0.5369930267333984,FP,-0.49854108691215515,0.8284087181091309,1.1814029216766357
1BRS_A_B,130,93,105,0,1,0.5408554077148438,FP,-0.28995391726493835,0.8284087181091309,0.47322869300842285
1BRS_A_B,131,93,106,0,1,0.5452039837837219,FP,-0.8739743232727051,0.8284087181091309,-0.9431197047233582
1BRS_A_B,132,93,107,0,1,0.582821786403656,FP,-1.1610583066940308,0.8284087181091309,-0.5890325903892517
1BRS_A_B,133,93,108,0,1,0.5452751517295837,FP,-1.488987684249878,0.8284087181091309,-0.9431197047233582
1BRS_A_B,134,93,109,0,1,0.5691576600074768,FP,-1.4996799230575562,0.8284087181091309,-1.2972067594528198
1BRS_A_B,138,94,10,0,1,0.5051172375679016,FP,-0.706082820892334,0.8284087181091309,0.8273158073425293
1BRS_A_B,141,94,94,0,1,0.594092845916748,FP,-0.3394652009010315,0.8284087181091309,-0.23494550585746765
1BRS_A_B,142,94,95,0,1,0.5975168943405151,FP,-0.6424672603607178,0.8284087181091309,0.8273158073425293
1BRS_A_B,143,94,96,0,1,0.6175510287284851,FP,-0.7078965902328491,0.8284087181091309,0.8273158073425293
1BRS_A_B,144,94,97,0,1,0.5832491517066956,FP,-0.6604152321815491,0.8284087181091309,1.1814029216766357
1BRS_A_B,145,94,105,0,1,0.5881341695785522,FP,-0.45084497332572937,0.8284087181091309,0.47322869300842285
1BRS_A_B,146,94,106,0,1,0.5902052521705627,FP,-1.0232428312301636,0.8284087181091309,-0.9431197047233582
1BRS_A_B,147,94,107,0,1,0.6187921166419983,FP,-1.1505886316299438,0.8284087181091309,-0.5890325903892517
1BRS_A_B,148,94,108,0,1,0.5850518345832825,FP,-1.4965909719467163,0.8284087181091309,-0.9431197047233582
1BRS_A_B,149,94,109,0,1,0.5994455814361572,FP,-1.2983472347259521,0.8284087181091309,-1.2972067594528198
1BRS_A_B,156,95,94,0,1,0.5921363830566406,FP,-0.10297030210494995,1.1829520463943481,-0.23494550585746765
1BRS_A_B,157,95,95,0,1,0.5956052541732788,FP,-0.43179425597190857,1.1829520463943481,0.8273158073425293
1BRS_A_B,158,95,96,0,1,0.6185061931610107,FP,-0.6298213601112366,1.1829520463943481,0.8273158073425293
1BRS_A_B,159,95,97,0,1,0.5902661681175232,FP,-0.6614508628845215,1.1829520463943481,1.1814029216766357
1BRS_A_B,160,95,105,0,1,0.5969074368476868,FP,-0.6024968028068542,1.1829520463943481,0.47322869300842285
1BRS_A_B,162,95,107,0,1,0.619785726070404,FP,-1.1045352220535278,1.1829520463943481,-0.5890325903892517
1BRS_A_B,163,95,108,0,1,0.5873453617095947,FP,-1.3090077638626099,1.1829520463943481,-0.9431197047233582
1BRS_A_B,164,95,109,0,1,0.5976981520652771,FP,-0.9696049094200134,1.1829520463943481,-1.2972067594528198
1BRS_A_B,168,104,10,0,1,0.5209863781929016,FP,-0.9627190232276917,-0.9443077445030212,0.8273158073425293
1BRS_A_B,171,104,94,0,1,0.6118942499160767,FP,-0.31463247537612915,-0.9443077445030212,-0.23494550585746765
1BRS_A_B,172,104,95,0,1,0.6164093613624573,FP,-0.7658801078796387,-0.9443077445030212,0.8273158073425293
1BRS_A_B,173,104,96,0,1,0.6381300687789917,FP,-0.954517662525177,-0.9443077445030212,0.8273158073425293
1BRS_A_B,175,104,105,0,1,0.6179768443107605,FP,-0.7937055230140686,-0.9443077445030212,0.47322869300842285
1BRS_A_B,176,104,106,0,1,0.6199882626533508,FP,-1.2874119281768799,-0.9443077445030212,-0.9431197047233582
1BRS_A_B,177,104,107,0,1,0.639204204082489,FP,-1.2180907726287842,-0.9443077445030212,-0.5890325903892517
1BRS_A_B,178,104,108,0,1,0.6065136790275574,FP,-1.5957657098770142,-0.9443077445030212,-0.9431197047233582
1BRS_A_B,179,104,109,0,1,0.6166386604309082,FP,-1.1953498125076294,-0.9443077445030212,-1.2972067594528198
1BRS_A_B,181,105,7,1,0,0.41012683510780334,FN,-1.7087312936782837,-0.5897644758224487,-1.2972067594528198
1BRS_A_B,183,105,10,0,1,0.5099378824234009,FP,-1.32020902633667,-0.5897644758224487,0.8273158073425293
1BRS_A_B,184,105,11,1,0,0.4216599464416504,FN,-1.2425967454910278,-0.5897644758224487,-0.5890325903892517
1BRS_A_B,186,105,94,0,1,0.5954671502113342,FP,-0.7094044089317322,-0.5897644758224487,-0.23494550585746765
1BRS_A_B,187,105,95,0,1,0.5998528599739075,FP,-1.1030943393707275,-0.5897644758224487,0.8273158073425293
1BRS_A_B,188,105,96,0,1,0.6198363900184631,FP,-1.1415977478027344,-0.5897644758224487,0.8273158073425293
1BRS_A_B,189,105,97,0,1,0.5856154561042786,FP,-1.1342520713806152,-0.5897644758224487,1.1814029216766357
1BRS_A_B,190,105,105,0,1,0.5893920660018921,FP,-0.7440740466117859,-0.5897644758224487,0.47322869300842285
1BRS_A_B,191,105,106,0,1,0.5909147262573242,FP,-1.2876967191696167,-0.5897644758224487,-0.9431197047233582
1BRS_A_B,192,105,107,0,1,0.6203221678733826,FP,-1.4219040870666504,-0.5897644758224487,-0.5890325903892517
1BRS_A_B,201,106,94,0,1,0.5898732542991638,FP,-1.111934781074524,-0.9443077445030212,-0.23494550585746765
1BRS_A_B,202,106,95,0,1,0.5943350791931152,FP,-1.4314812421798706,-0.9443077445030212,0.8273158073425293
1BRS_A_B,203,106,96,0,1,0.6145898103713989,FP,-1.4874441623687744,-0.9443077445030212,0.8273158073425293
1BRS_A_B,204,106,97,0,1,0.5824152827262878,FP,-1.3464726209640503,-0.9443077445030212,1.1814029216766357
1BRS_A_B,205,106,105,0,1,0.5880290865898132,FP,-1.093842625617981,-0.9443077445030212,0.47322869300842285
1BRS_A_B,216,107,94,0,1,0.553463876247406,FP,-1.2945215702056885,-0.9443077445030212,-0.23494550585746765
1BRS_A_B,217,107,95,0,1,0.5566935539245605,FP,-1.4556020498275757,-0.9443077445030212,0.8273158073425293
1BRS_A_B,218,107,96,0,1,0.5695200562477112,FP,-1.2987695932388306,-0.9443077445030212,0.8273158073425293
1BRS_A_B,219,107,97,0,1,0.523220956325531,FP,-1.0074981451034546,-0.9443077445030212,1.1814029216766357
1BRS_A_B,220,107,105,0,1,0.5208099484443665,FP,-0.7221988439559937,-0.9443077445030212,0.47322869300842285
1BRS_A_B,221,107,106,0,1,0.5239592790603638,FP,-1.2715593576431274,-0.9443077445030212,-0.9431197047233582
1FSS_A_B,104,65,7,1,0,0.4471117854118347,FN,-1.6532851457595825,0.47386544942855835,-0.9431197047233582
1FSS_A_B,105,65,8,1,0,0.49963346123695374,FN,-1.8761045932769775,0.47386544942855835,-1.6512938737869263
1FSS_A_B,138,66,8,0,1,0.5533802509307861,FP,-2.0733728408813477,-0.9443077445030212,-1.6512938737869263
1FSS_A_B,139,66,9,0,1,0.5426411628723145,FP,-1.6417515277862549,-0.9443077445030212,-1.2972067594528198
1FSS_A_B,153,66,32,1,0,0.0389062874019146,FN,-1.2758491039276123,-0.9443077445030212,-0.5890325903892517
1FSS_A_B,154,66,33,1,0,0.11966275423765182,FN,-1.3070694208145142,-0.9443077445030212,0.119141586124897
1FSS_A_B,155,66,34,1,0,0.18696331977844238,FN,-1.517354965209961,-0.9443077445030212,0.119141586124897
1FSS_A_B,169,67,6,1,0,0.4819053113460541,FN,-1.6713016033172607,-1.2988510131835938,0.119141586124897
1FSS_A_B,201,68,5,0,1,0.5427338480949402,FP,-1.3274507522583008,-0.5897644758224487,0.8273158073425293
1FSS_A_B,202,68,6,0,1,0.5383963584899902,FP,-1.4411734342575073,-0.5897644758224487,0.119141586124897
1FSS_A_B,203,68,7,0,1,0.5465673208236694,FP,-1.746185064315796,-0.5897644758224487,-0.9431197047233582
1FSS_A_B,204,68,8,0,1,0.5796389579772949,FP,-1.5803954601287842,-0.5897644758224487,-1.6512938737869263
1FSS_A_B,205,68,9,0,1,0.5677054524421692,FP,-1.5522267818450928,-0.5897644758224487,-1.2972067594528198
1FSS_A_B,206,68,10,0,1,0.57243812084198,FP,-1.6748546361923218,-0.5897644758224487,-0.9431197047233582
1FSS_A_B,207,68,11,0,1,0.5084972381591797,FP,-1.498721718788147,-0.5897644758224487,-0.5890325903892517
1FSS_A_B,233,69,4,0,1,0.50506591796875,FP,-1.4136446714401245,-0.5897644758224487,1.1814029216766357
1FSS_A_B,235,69,6,0,1,0.5437285304069519,FP,-1.5492973327636719,-0.5897644758224487,0.119141586124897
1FSS_A_B,236,69,7,0,1,0.5437226891517639,FP,-1.6166523694992065,-0.5897644758224487,-0.9431197047233582
1FSS_A_B,237,69,8,0,1,0.5785140991210938,FP,-1.4213850498199463,-0.5897644758224487,-1.6512938737869263
1FSS_A_B,253,69,33,1,0,0.27963095903396606,FN,-1.8618388175964355,-0.5897644758224487,0.119141586124897
1FSS_A_B,256,69,36,1,0,0.42865240573883057,FN,-1.4636704921722412,-0.5897644758224487,1.5354899168014526
1FSS_A_B,266,70,4,0,1,0.504213273525238,FP,-1.048555850982666,-1.653394341468811,1.1814029216766357
1FSS_A_B,267,70,5,0,1,0.5353941917419434,FP,-1.1810897588729858,-1.653394341468811,0.8273158073425293
1FSS_A_B,268,70,6,0,1,0.5183202028274536,FP,-1.1336084604263306,-1.653394341468811,0.119141586124897
1FSS_A_B,269,70,7,0,1,0.5091131925582886,FP,-1.2483057975769043,-1.653394341468811,-0.9431197047233582
1FSS_A_B,270,70,8,0,1,0.5442102551460266,FP,-0.9413090944290161,-1.653394341468811,-1.6512938737869263
1FSS_A_B,271,70,9,0,1,0.5383018851280212,FP,-1.0578174591064453,-1.653394341468811,-1.2972067594528198
1FSS_A_B,272,70,10,0,1,0.561530351638794,FP,-1.3102508783340454,-1.653394341468811,-0.9431197047233582
1FSS_A_B,273,70,11,0,1,0.5358089208602905,FP,-1.4571263790130615,-1.653394341468811,-0.5890325903892517
1FSS_A_B,274,70,12,0,1,0.5009298920631409,FP,-0.939154326915741,-1.653394341468811,-0.9431197047233582
1FSS_A_B,276,70,23,1,0,0.3716510534286499,FN,-1.328983187675476,-1.653394341468811,1.889577031135559
1FSS_A_B,284,70,31,1,0,0.06605330109596252,FN,-1.4546406269073486,-1.653394341468811,-0.5890325903892517
1FSS_A_B,285,70,32,1,0,0.09381558001041412,FN,-1.8393254280090332,-1.653394341468811,-0.5890325903892517
1FSS_A_B,286,70,33,1,0,0.32645583152770996,FN,-1.972724199295044,-1.653394341468811,0.119141586124897
1FSS_A_B,289,70,36,1,0,0.4302305579185486,FN,-1.2638779878616333,-1.653394341468811,1.5354899168014526
1FSS_A_B,296,70,60,1,0,0.3491792678833008,FN,-1.7118996381759644,-1.653394341468811,-1.6512938737869263
1FSS_A_B,299,71,4,0,1,0.5218910574913025,FP,-0.9902738332748413,-0.9443077445030212,1.1814029216766357
1FSS_A_B,300,71,5,0,1,0.5455893874168396,FP,-0.9995606541633606,-0.9443077445030212,0.8273158073425293
1FSS_A_B,301,71,6,0,1,0.5244200825691223,FP,-0.8020868301391602,-0.9443077445030212,0.119141586124897
1FSS_A_B,302,71,7,0,1,0.5102614164352417,FP,-0.8270422220230103,-0.9443077445030212,-0.9431197047233582
1FSS_A_B,303,71,8,0,1,0.5444785356521606,FP,-0.6172127723693848,-0.9443077445030212,-1.6512938737869263
1FSS_A_B,304,71,9,0,1,0.5408559441566467,FP,-0.8564054369926453,-0.9443077445030212,-1.2972067594528198
1FSS_A_B,305,71,10,0,1,0.5718887448310852,FP,-1.2582805156707764,-0.9443077445030212,-0.9431197047233582
1FSS_A_B,306,71,11,0,1,0.5519070625305176,FP,-1.4931106567382812,-0.9443077445030212,-0.5890325903892517
1FSS_A_B,307,71,12,0,1,0.5190387964248657,FP,-1.0687834024429321,-0.9443077445030212,-0.9431197047233582
1FSS_A_B,308,71,13,0,1,0.5080789923667908,FP,-0.9025057554244995,-0.9443077445030212,-0.23494550585746765
1FSS_A_B,329,71,60,1,0,0.36977434158325195,FN,-1.8352469205856323,-0.9443077445030212,-1.6512938737869263
1FSS_A_B,332,72,4,0,1,0.5293816924095154,FP,-1.4438284635543823,-1.2988510131835938,1.1814029216766357
1FSS_A_B,333,72,5,0,1,0.5442297458648682,FP,-1.402199387550354,-1.2988510131835938,0.8273158073425293
1FSS_A_B,334,72,6,0,1,0.5191861391067505,FP,-1.0807021856307983,-1.2988510131835938,0.119141586124897
1FSS_A_B,336,72,8,0,1,0.5325421094894409,FP,-0.8605455160140991,-1.2988510131835938,-1.6512938737869263
1FSS_A_B,337,72,9,0,1,0.5321199297904968,FP,-1.2221966981887817,-1.2988510131835938,-1.2972067594528198
1FSS_A_B,338,72,10,0,1,0.570756733417511,FP,-1.6922699213027954,-1.2988510131835938,-0.9431197047233582
1FSS_A_B,340,72,12,0,1,0.5289585590362549,FP,-1.642123818397522,-1.2988510131835938,-0.9431197047233582
1FSS_A_B,341,72,13,0,1,0.5220668911933899,FP,-1.443317174911499,-1.2988510131835938,-0.23494550585746765
1FSS_A_B,355,72,36,1,0,0.4430299699306488,FN,-1.309353232383728,-1.2988510131835938,1.5354899168014526
1FSS_A_B,362,72,60,1,0,0.39143067598342896,FN,-1.8425543308258057,-1.2988510131835938,-1.6512938737869263
1FSS_A_B,371,73,10,0,1,0.5260454416275024,FP,-1.590500831604004,-0.9443077445030212,-0.9431197047233582
1FSS_A_B,372,73,11,0,1,0.511934757232666,FP,-1.7968593835830688,-0.9443077445030212,-0.5890325903892517
1FSS_A_B,404,74,10,0,1,0.5140088796615601,FP,-1.1716604232788086,-0.9443077445030212,-0.9431197047233582
1FSS_A_B,405,74,11,0,1,0.5034956336021423,FP,-1.3072136640548706,-0.9443077445030212,-0.5890325903892517
1FSS_A_B,428,74,60,1,0,0.32617780566215515,FN,-1.2150665521621704,-0.9443077445030212,-1.6512938737869263
1FSS_A_B,435,77,8,0,1,0.5044441819190979,FP,-0.643156886100769,0.8284087181091309,-1.6512938737869263
1FSS_A_B,437,77,10,0,1,0.5210959911346436,FP,-1.1604126691818237,0.8284087181091309,-0.9431197047233582
1FSS_A_B,470,78,10,1,0,0.4910540282726288,FN,-1.5898786783218384,0.47386544942855835,-0.9431197047233582
1FSS_A_B,471,78,11,1,0,0.4478837251663208,FN,-1.4092135429382324,0.47386544942855835,-0.5890325903892517
1FSS_A_B,569,81,10,1,0,0.43125998973846436,FN,-1.5857250690460205,0.11932213604450226,-0.9431197047233582
1FSS_A_B,602,82,10,1,0,0.23092927038669586,FN,-1.4406238794326782,0.8284087181091309,-0.9431197047233582
1FSS_A_B,635,83,10,1,0,0.15222249925136566,FN,-1.3766511678695679,-0.23522116243839264,-0.9431197047233582
1FSS_A_B,732,86,8,1,0,0.2186705619096756,FN,-1.5960073471069336,0.47386544942855835,-1.6512938737869263
1FSS_A_B,896,268,7,1,0,0.2686229944229126,FN,-1.7002719640731812,-0.9443077445030212,-0.9431197047233582
1FSS_A_B,897,268,8,1,0,0.2828129529953003,FN,-1.8553404808044434,-0.9443077445030212,-1.6512938737869263
1FSS_A_B,995,271,7,1,0,0.3269515931606293,FN,-1.888361930847168,0.11932213604450226,-0.9431197047233582
1FSS_A_B,996,271,8,1,0,0.31418147683143616,FN,-1.7585279941558838,0.11932213604450226,-1.6512938737869263
1FSS_A_B,1028,272,7,1,0,0.2579037547111511,FN,-1.966721773147583,-0.9443077445030212,-0.9431197047233582
1FSS_A_B,1046,272,34,1,0,0.19859802722930908,FN,-1.7955659627914429,-0.9443077445030212,0.119141586124897
1FSS_A_B,1137,275,26,1,0,0.3619960844516754,FN,-1.6545183658599854,-0.23522116243839264,1.1814029216766357
1FSS_A_B,1141,275,30,1,0,0.4388529360294342,FN,-1.5366822481155396,-0.23522116243839264,-1.6512938737869263
1FSS_A_B,1143,275,32,1,0,0.37733790278434753,FN,-1.5509573221206665,-0.23522116243839264,-0.5890325903892517
1FSS_A_B,1145,275,34,1,0,0.15179169178009033,FN,-1.4518035650253296,-0.23522116243839264,0.119141586124897
1FSS_A_B,1170,276,26,1,0,0.4145868420600891,FN,-1.5825488567352295,-0.23522116243839264,1.1814029216766357
1FSS_A_B,1182,276,46,1,0,0.44385257363319397,FN,-1.6395145654678345,-0.23522116243839264,-0.5890325903892517
1FSS_A_B,1236,278,26,1,0,0.37581515312194824,FN,-1.25590980052948,0.11932213604450226,1.1814029216766357
1FSS_A_B,1238,278,28,0,1,0.50810307264328,FP,-1.3323478698730469,0.11932213604450226,-1.2972067594528198
1FSS_A_B,1239,278,29,0,1,0.5208154916763306,FP,-1.4021754264831543,0.11932213604450226,-1.2972067594528198
1FSS_A_B,1273,279,30,0,1,0.5051811337471008,FP,-1.1437146663665771,-1.653394341468811,-1.6512938737869263
1FSS_A_B,1302,280,26,1,0,0.22454357147216797,FN,-0.9881446361541748,-1.653394341468811,1.1814029216766357
1FSS_A_B,1335,281,26,1,0,0.22035254538059235,FN,-1.3208879232406616,-0.9443077445030212,1.1814029216766357
1FSS_A_B,1337,281,28,1,0,0.4747554361820221,FN,-1.9689444303512573,-0.9443077445030212,-1.2972067594528198
1FSS_A_B,1338,281,29,1,0,0.4793245792388916,FN,-2.059107780456543,-0.9443077445030212,-1.2972067594528198
1FSS_A_B,1371,282,29,1,0,0.4421929121017456,FN,-2.0935115814208984,0.11932213604450226,-1.2972067594528198
1FSS_A_B,1372,282,30,1,0,0.45407718420028687,FN,-1.9782166481018066,0.11932213604450226,-1.6512938737869263
1FSS_A_B,1403,283,28,0,1,0.5441129207611084,FP,-1.3313850164413452,1.1829520463943481,-1.2972067594528198
1FSS_A_B,1404,283,29,0,1,0.5457651019096375,FP,-1.878359317779541,1.1829520463943481,-1.2972067594528198
1FSS_A_B,1405,283,30,0,1,0.5557498931884766,FP,-1.965535044670105,1.1829520463943481,-1.6512938737869263
1FSS_A_B,1406,283,31,0,1,0.5080893635749817,FP,-1.4349093437194824,1.1829520463943481,-0.5890325903892517
1FSS_A_B,1438,284,30,0,1,0.5034491419792175,FP,-1.6342778205871582,-0.23522116243839264,-1.6512938737869263
1FSS_A_B,1471,285,30,0,1,0.5072266459465027,FP,-1.5779367685317993,-0.5897644758224487,-1.6512938737869263
1FSS_A_B,1503,286,29,0,1,0.5075287818908691,FP,-1.159684181213379,0.47386544942855835,-1.2972067594528198
1FSS_A_B,1504,286,30,0,1,0.5191352367401123,FP,-1.4484295845031738,0.47386544942855835,-1.6512938737869263
1FSS_A_B,1537,287,30,0,1,0.5044408440589905,FP,-1.1456828117370605,0.47386544942855835,-1.6512938737869263
1FSS_A_B,1568,326,28,0,1,0.5605059862136841,FP,-0.3084460496902466,-0.23522116243839264,-1.2972067594528198
1FSS_A_B,1569,326,29,0,1,0.5730452537536621,FP,-0.8595134019851685,-0.23522116243839264,-1.2972067594528198
1FSS_A_B,1570,326,30,0,1,0.5846050977706909,FP,-1.1095823049545288,-0.23522116243839264,-1.6512938737869263
1FSS_A_B,1571,326,31,0,1,0.5408086776733398,FP,-0.8769975304603577,-0.23522116243839264,-0.5890325903892517
1FSS_A_B,1572,326,32,0,1,0.5093448162078857,FP,-0.8798933029174805,-0.23522116243839264,-0.5890325903892517
1FSS_A_B,1601,327,28,0,1,0.5807279944419861,FP,-0.748322606086731,-0.23522116243839264,-1.2972067594528198
1FSS_A_B,1602,327,29,0,1,0.5832391381263733,FP,-1.3233790397644043,-0.23522116243839264,-1.2972067594528198
1FSS_A_B,1603,327,30,0,1,0.592159628868103,FP,-1.5573680400848389,-0.23522116243839264,-1.6512938737869263
1FSS_A_B,1604,327,31,0,1,0.5509881377220154,FP,-1.207641363143921,-0.23522116243839264,-0.5890325903892517
1FSS_A_B,1605,327,32,0,1,0.5159211158752441,FP,-1.124776840209961,-0.23522116243839264,-0.5890325903892517
1FSS_A_B,1634,328,28,0,1,0.6000065207481384,FP,-0.9026768207550049,0.8284087181091309,-1.2972067594528198
1FSS_A_B,1635,328,29,0,1,0.5973483324050903,FP,-1.4448927640914917,0.8284087181091309,-1.2972067594528198
1FSS_A_B,1636,328,30,0,1,0.6063964366912842,FP,-1.5376478433609009,0.8284087181091309,-1.6512938737869263
1FSS_A_B,1637,328,31,0,1,0.5696837306022644,FP,-1.2961437702178955,0.8284087181091309,-0.5890325903892517
1FSS_A_B,1638,328,32,0,1,0.54575514793396,FP,-1.0655322074890137,0.8284087181091309,-0.5890325903892517
1FSS_A_B,1667,329,28,0,1,0.6083338260650635,FP,-0.9567750096321106,0.11932213604450226,-1.2972067594528198
1FSS_A_B,1668,329,29,0,1,0.606745719909668,FP,-1.4338911771774292,0.11932213604450226,-1.2972067594528198
1FSS_A_B,1669,329,30,0,1,0.6157311201095581,FP,-1.5835593938827515,0.11932213604450226,-1.6512938737869263
1FSS_A_B,1670,329,31,0,1,0.5780938267707825,FP,-1.5344111919403076,0.11932213604450226,-0.5890325903892517
1FSS_A_B,1671,329,32,0,1,0.5526866316795349,FP,-1.3960462808609009,0.11932213604450226,-0.5890325903892517
1FSS_A_B,1700,330,28,0,1,0.6014173626899719,FP,-1.4711865186691284,-1.2988510131835938,-1.2972067594528198
1FSS_A_B,1733,331,28,0,1,0.6004359722137451,FP,-1.8114893436431885,-0.9443077445030212,-1.2972067594528198
1FSS_A_B,1735,331,30,0,1,0.6097227931022644,FP,-2.083284854888916,-0.9443077445030212,-1.6512938737869263
1FSS_A_B,1737,331,32,0,1,0.5485066175460815,FP,-1.6637123823165894,-0.9443077445030212,-0.5890325903892517
1FSS_A_B,1766,332,28,0,1,0.5642176866531372,FP,-1.4226919412612915,0.8284087181091309,-1.2972067594528198
1FSS_A_B,1768,332,30,0,1,0.573272705078125,FP,-1.6671699285507202,0.8284087181091309,-1.6512938737869263
1FSS_A_B,1769,332,31,0,1,0.5237299799919128,FP,-1.5625739097595215,0.8284087181091309,-0.5890325903892517
1FSS_A_B,1799,333,28,0,1,0.5288682579994202,FP,-1.2144522666931152,-0.23522116243839264,-1.2972067594528198
1FSS_A_B,1800,333,29,0,1,0.5297023057937622,FP,-1.4477195739746094,-0.23522116243839264,-1.2972067594528198
1FSS_A_B,1801,333,30,0,1,0.5411604642868042,FP,-1.2105286121368408,-0.23522116243839264,-1.6512938737869263
1FSS_A_B,1932,354,29,1,0,0.40937894582748413,FN,-1.6860578060150146,0.47386544942855835,-1.2972067594528198
3HMX_LH_AB,0,0,14,0,1,0.5705854296684265,FP,-0.3441092073917389,-1.2988510131835938,-0.23494550585746765
3HMX_LH_AB,1,0,15,0,1,0.5846601724624634,FP,-0.7697679400444031,-1.2988510131835938,-0.9431197047233582
3HMX_LH_AB,2,0,16,0,1,0.5927253365516663,FP,-1.2366044521331787,-1.2988510131835938,-2.0053811073303223
3HMX_LH_AB,3,0,17,0,1,0.5782226324081421,FP,-1.5895768404006958,-1.2988510131835938,-2.0053811073303223
3HMX_LH_AB,4,0,18,0,1,0.5664040446281433,FP,-1.116500735282898,-1.2988510131835938,-0.9431197047233582
3HMX_LH_AB,42,1,14,0,1,0.5529966354370117,FP,-0.1138904020190239,0.47386544942855835,-0.23494550585746765
3HMX_LH_AB,43,1,15,0,1,0.5691781044006348,FP,-0.49723052978515625,0.47386544942855835,-0.9431197047233582
3HMX_LH_AB,44,1,16,0,1,0.580855131149292,FP,-0.9248087406158447,0.47386544942855835,-2.0053811073303223
3HMX_LH_AB,45,1,17,0,1,0.5851418972015381,FP,-1.371182918548584,0.47386544942855835,-2.0053811073303223
3HMX_LH_AB,46,1,18,0,1,0.5836343765258789,FP,-1.0400856733322144,0.47386544942855835,-0.9431197047233582
3HMX_LH_AB,47,1,19,0,1,0.5135471224784851,FP,-1.0195732116699219,0.47386544942855835,-1.6512938737869263
3HMX_LH_AB,89,27,19,0,1,0.5219963788986206,FP,-1.2783457040786743,-0.9443077445030212,-1.6512938737869263
3HMX_LH_AB,131,28,19,0,1,0.5384870171546936,FP,-1.5204375982284546,1.5374953746795654,-1.6512938737869263
3HMX_LH_AB,132,28,20,0,1,0.5080269575119019,FP,-1.2813736200332642,1.5374953746795654,-0.5890325903892517
3HMX_LH_AB,133,28,21,0,1,0.5164812207221985,FP,-1.0986428260803223,1.5374953746795654,-0.23494550585746765
3HMX_LH_AB,173,29,19,0,1,0.5281062722206116,FP,-1.363429307937622,-0.5897644758224487,-1.6512938737869263
3HMX_LH_AB,174,29,20,0,1,0.5086337924003601,FP,-1.283435583114624,-0.5897644758224487,-0.5890325903892517
3HMX_LH_AB,175,29,21,0,1,0.519893229007721,FP,-1.2937135696411133,-0.5897644758224487,-0.23494550585746765
3HMX_LH_AB,217,30,21,0,1,0.5151053071022034,FP,-1.1058427095413208,-0.23522116243839264,-0.23494550585746765
3HMX_LH_AB,259,31,21,0,1,0.5072569847106934,FP,-1.224340558052063,0.8284087181091309,-0.23494550585746765
3HMX_LH_AB,260,31,22,1,0,0.487166166305542,FN,-1.4459468126296997,0.8284087181091309,-0.5890325903892517
3HMX_LH_AB,278,31,53,1,0,0.3680826425552368,FN,-1.1647282838821411,0.8284087181091309,-0.5890325903892517
3HMX_LH_AB,279,31,54,1,0,0.3741051256656647,FN,-1.414923906326294,0.8284087181091309,-0.5890325903892517
3HMX_LH_AB,280,31,55,1,0,0.47088751196861267,FN,-1.615788459777832,0.8284087181091309,-0.23494550585746765
3HMX_LH_AB,358,48,46,1,0,0.0706317350268364,FN,-1.1685621738433838,1.1829520463943481,-0.5890325903892517
3HMX_LH_AB,359,48,47,1,0,0.11006926000118256,FN,-1.1936115026474,1.1829520463943481,-0.5890325903892517
3HMX_LH_AB,567,55,45,1,0,0.3114660680294037,FN,-1.7006850242614746,-2.0079376697540283,-0.5890325903892517
3HMX_LH_AB,634,89,18,0,1,0.510964035987854,FP,-0.8474575877189636,1.8920387029647827,-0.9431197047233582
3HMX_LH_AB,635,89,19,0,1,0.5313733220100403,FP,-1.1346323490142822,1.8920387029647827,-1.6512938737869263
3HMX_LH_AB,677,90,19,0,1,0.5225619673728943,FP,-1.4755158424377441,1.8920387029647827,-1.6512938737869263
3HMX_LH_AB,678,90,20,0,1,0.5074321627616882,FP,-1.4322404861450195,1.8920387029647827,-0.5890325903892517
3HMX_LH_AB,679,90,21,0,1,0.5009158253669739,FP,-1.0548304319381714,1.8920387029647827,-0.23494550585746765
3HMX_LH_AB,700,90,55,1,0,0.41862717270851135,FN,-1.423060417175293,1.8920387029647827,-0.23494550585746765
3HMX_LH_AB,720,91,20,1,0,0.48964759707450867,FN,-1.8373507261276245,-0.23522116243839264,-0.5890325903892517
3HMX_LH_AB,742,91,55,1,0,0.38287419080734253,FN,-1.558608055114746,-0.23522116243839264,-0.23494550585746765
3HMX_LH_AB,744,91,57,1,0,0.37900853157043457,FN,-1.552709698677063,-0.23522116243839264,0.119141586124897
3HMX_LH_AB,798,93,14,0,1,0.5370520949363708,FP,-1.1789098978042603,-0.9443077445030212,-0.23494550585746765
3HMX_LH_AB,799,93,15,0,1,0.5487919449806213,FP,-1.394020915031433,-0.9443077445030212,-0.9431197047233582
3HMX_LH_AB,802,93,18,0,1,0.5682784914970398,FP,-1.7399626970291138,-0.9443077445030212,-0.9431197047233582
3HMX_LH_AB,803,93,19,0,1,0.5110174417495728,FP,-1.6544296741485596,-0.9443077445030212,-1.6512938737869263
3HMX_LH_AB,828,93,57,1,0,0.16262325644493103,FN,-1.3415793180465698,-0.9443077445030212,0.119141586124897
3HMX_LH_AB,829,93,58,1,0,0.0418209508061409,FN,-1.1076200008392334,-0.9443077445030212,-1.2972067594528198
3HMX_LH_AB,840,94,14,0,1,0.5603513121604919,FP,-0.8046295642852783,0.8284087181091309,-0.23494550585746765
3HMX_LH_AB,841,94,15,0,1,0.5691811442375183,FP,-1.0440163612365723,0.8284087181091309,-0.9431197047233582
3HMX_LH_AB,842,94,16,0,1,0.5830138921737671,FP,-1.6094398498535156,0.8284087181091309,-2.0053811073303223
3HMX_LH_AB,843,94,17,0,1,0.5666634440422058,FP,-1.69374418258667,0.8284087181091309,-2.0053811073303223
3HMX_LH_AB,844,94,18,0,1,0.563117265701294,FP,-1.3265398740768433,0.8284087181091309,-0.9431197047233582
3HMX_LH_AB,882,95,14,0,1,0.5209675431251526,FP,-0.4529951512813568,0.8284087181091309,-0.23494550585746765
3HMX_LH_AB,883,95,15,0,1,0.536544919013977,FP,-0.6273461580276489,0.8284087181091309,-0.9431197047233582
3HMX_LH_AB,884,95,16,0,1,0.5488365888595581,FP,-1.153757095336914,0.8284087181091309,-2.0053811073303223
3HMX_LH_AB,885,95,17,0,1,0.5626953840255737,FP,-1.3158740997314453,0.8284087181091309,-2.0053811073303223
3HMX_LH_AB,886,95,18,0,1,0.5674195289611816,FP,-1.0808178186416626,0.8284087181091309,-0.9431197047233582
3HMX_LH_AB,887,95,19,0,1,0.5219058990478516,FP,-1.185366153717041,0.8284087181091309,-1.6512938737869263
3HMX_LH_AB,910,95,55,1,0,0.11601497232913971,FN,-0.7612366676330566,0.8284087181091309,-0.23494550585746765
3HMX_LH_AB,912,95,57,1,0,0.16775523126125336,FN,-1.0006392002105713,0.8284087181091309,0.119141586124897
3HMX_LH_AB,986,215,44,1,0,0.14587000012397766,FN,-1.328259825706482,-0.5897644758224487,-1.2972067594528198
3HMX_LH_AB,1028,239,44,1,0,0.17559412121772766,FN,-1.23725426197052,-0.9443077445030212,-1.2972067594528198
3HMX_LH_AB,1070,240,44,1,0,0.19386065006256104,FN,-1.6000103950500488,-0.9443077445030212,-1.2972067594528198
3HMX_LH_AB,1109,241,41,1,0,0.3495801091194153,FN,-1.7428420782089233,-0.9443077445030212,-1.6512938737869263
3HMX_LH_AB,1110,241,42,1,0,0.3608497977256775,FN,-1.9953800439834595,-0.9443077445030212,-1.2972067594528198
3HMX_LH_AB,1193,243,41,1,0,0.22829613089561462,FN,-1.4249323606491089,-0.23522116243839264,-1.6512938737869263
3HMX_LH_AB,1233,244,39,1,0,0.2577442526817322,FN,-1.6756296157836914,-1.2988510131835938,0.8273158073425293
3HMX_LH_AB,1234,244,40,1,0,0.3252699375152588,FN,-1.7881308794021606,-1.2988510131835938,-0.5890325903892517
3HMX_LH_AB,1235,244,41,1,0,0.3296920955181122,FN,-1.6920812129974365,-1.2988510131835938,-1.6512938737869263
3HMX_LH_AB,1236,244,42,1,0,0.336357980966568,FN,-1.8047865629196167,-1.2988510131835938,-1.2972067594528198
3HMX_LH_AB,1251,244,60,1,0,0.3806211054325104,FN,-1.8370792865753174,-1.2988510131835938,-1.2972067594528198
3HMX_LH_AB,1278,245,42,1,0,0.24895451962947845,FN,-1.4769798517227173,0.8284087181091309,-1.2972067594528198
3HMX_LH_AB,1280,245,44,1,0,0.14517778158187866,FN,-1.2193793058395386,0.8284087181091309,-1.2972067594528198
3HMX_LH_AB,1282,245,46,1,0,0.05829453840851784,FN,-1.0486503839492798,0.8284087181091309,-0.5890325903892517
3HMX_LH_AB,1291,245,58,0,1,0.501204252243042,FP,-1.2164647579193115,0.8284087181091309,-1.2972067594528198
3HMX_LH_AB,1292,245,59,0,1,0.509527325630188,FP,-1.3475897312164307,0.8284087181091309,-0.5890325903892517
3HMX_LH_AB,1293,245,60,0,1,0.5264471173286438,FP,-1.8928275108337402,0.8284087181091309,-1.2972067594528198
3HMX_LH_AB,1628,268,59,1,0,0.28490161895751953,FN,-1.4072920083999634,-1.653394341468811,-0.5890325903892517
3HMX_LH_AB,1680,270,14,1,0,0.03677297756075859,FN,-1.030215859413147,-1.2988510131835938,-0.23494550585746765
3HMX_LH_AB,1711,270,58,1,0,0.23697258532047272,FN,-1.5179122686386108,-1.2988510131835938,-1.2972067594528198
3HMX_LH_AB,1712,270,59,1,0,0.22390037775039673,FN,-1.565874457359314,-1.2988510131835938,-0.5890325903892517
3HMX_LH_AB,1764,272,14,1,0,0.18809592723846436,FN,-1.2023364305496216,-0.9443077445030212,-0.23494550585746765
3HMX_LH_AB,1795,272,58,1,0,0.1497131586074829,FN,-1.4041621685028076,-0.9443077445030212,-1.2972067594528198
3HMX_LH_AB,1848,274,14,0,1,0.5261913537979126,FP,-0.6803105473518372,0.47386544942855835,-0.23494550585746765
3HMX_LH_AB,1849,274,15,0,1,0.5264460444450378,FP,-0.8813103437423706,0.47386544942855835,-0.9431197047233582
3HMX_LH_AB,1850,274,16,0,1,0.5422087907791138,FP,-1.4467614889144897,0.47386544942855835,-2.0053811073303223
3HMX_LH_AB,1890,275,14,0,1,0.5213238596916199,FP,-0.679031491279602,-1.2988510131835938,-0.23494550585746765
3HMX_LH_AB,1891,275,15,0,1,0.5199019908905029,FP,-0.9834336042404175,-1.2988510131835938,-0.9431197047233582
3HMX_LH_AB,1892,275,16,0,1,0.5322384238243103,FP,-1.4949802160263062,-1.2988510131835938,-2.0053811073303223
3HMX_LH_AB,1952,311,44,1,0,0.1462419033050537,FN,-0.8801295161247253,0.8284087181091309,-1.2972067594528198
3HMX_LH_AB,1963,311,58,0,1,0.5231088399887085,FP,-0.7411999702453613,0.8284087181091309,-1.2972067594528198
3HMX_LH_AB,1964,311,59,0,1,0.5347070693969727,FP,-0.6291297078132629,0.8284087181091309,-0.5890325903892517
3HMX_LH_AB,1965,311,60,0,1,0.546949565410614,FP,-1.157531976699829,0.8284087181091309,-1.2972067594528198
3HMX_LH_AB,1966,311,61,0,1,0.5123138427734375,FP,-0.8922103047370911,0.8284087181091309,-0.5890325903892517
3HMX_LH_AB,2006,312,59,0,1,0.5697060823440552,FP,-1.0425355434417725,1.8920387029647827,-0.5890325903892517
3HMX_LH_AB,2038,313,46,1,0,0.1405107080936432,FN,-1.6142610311508179,0.47386544942855835,-0.5890325903892517
3HMX_LH_AB,2043,313,54,1,0,0.24783536791801453,FN,-1.2969012260437012,0.47386544942855835,-0.5890325903892517
3HMX_LH_AB,2045,313,56,0,1,0.5540085434913635,FP,-1.1476225852966309,0.47386544942855835,0.119141586124897
3HMX_LH_AB,2046,313,57,0,1,0.6069210171699524,FP,-1.0792123079299927,0.47386544942855835,0.119141586124897
3HMX_LH_AB,2047,313,58,0,1,0.6136131286621094,FP,-1.1453163623809814,0.47386544942855835,-1.2972067594528198
3HMX_LH_AB,2048,313,59,0,1,0.6129485368728638,FP,-0.9996254444122314,0.47386544942855835,-0.5890325903892517
3HMX_LH_AB,2049,313,60,0,1,0.6239583492279053,FP,-1.5338995456695557,0.47386544942855835,-1.2972067594528198
3HMX_LH_AB,2051,313,62,0,1,0.5674453973770142,FP,-1.0416425466537476,0.47386544942855835,0.8273158073425293
3HMX_LH_AB,2073,314,39,1,0,0.2035980224609375,FN,-1.642005443572998,-0.9443077445030212,0.8273158073425293
3HMX_LH_AB,2080,314,46,1,0,0.13692240417003632,FN,-1.6527360677719116,-0.9443077445030212,-0.5890325903892517
3HMX_LH_AB,2086,314,55,0,1,0.5347238779067993,FP,-1.6162700653076172,-0.9443077445030212,-0.23494550585746765
3HMX_LH_AB,2087,314,56,0,1,0.592337429523468,FP,-1.5966557264328003,-0.9443077445030212,0.119141586124897
3HMX_LH_AB,2088,314,57,0,1,0.6337289214134216,FP,-1.4437870979309082,-0.9443077445030212,0.119141586124897
3HMX_LH_AB,2089,314,58,0,1,0.6307722330093384,FP,-1.5466567277908325,-0.9443077445030212,-1.2972067594528198
3HMX_LH_AB,2090,314,59,0,1,0.624711811542511,FP,-1.4758814573287964,-0.9443077445030212,-0.5890325903892517
3HMX_LH_AB,2093,314,62,0,1,0.594660222530365,FP,-1.6206756830215454,-0.9443077445030212,0.8273158073425293
3HMX_LH_AB,2096,314,65,1,0,0.22658120095729828,FN,-1.2962132692337036,-0.9443077445030212,0.47322869300842285
3HMX_LH_AB,2106,315,20,0,1,0.5540392398834229,FP,-1.384744644165039,-2.0079376697540283,-0.5890325903892517
3HMX_LH_AB,2107,315,21,0,1,0.5609378814697266,FP,-1.3904378414154053,-2.0079376697540283,-0.23494550585746765
3HMX_LH_AB,2108,315,22,0,1,0.5117432475090027,FP,-1.5049797296524048,-2.0079376697540283,-0.5890325903892517
3HMX_LH_AB,2109,315,23,0,1,0.5076318979263306,FP,-1.4994455575942993,-2.0079376697540283,-0.23494550585746765
3HMX_LH_AB,2126,315,53,1,0,0.43845364451408386,FN,-1.6153260469436646,-2.0079376697540283,-0.5890325903892517
3HMX_LH_AB,2127,315,54,1,0,0.4808577597141266,FN,-2.151177406311035,-2.0079376697540283,-0.5890325903892517
3HMX_LH_AB,2129,315,56,0,1,0.6260675191879272,FP,-2.0161476135253906,-2.0079376697540283,0.119141586124897
3HMX_LH_AB,2130,315,57,0,1,0.6668316125869751,FP,-1.682529091835022,-2.0079376697540283,0.119141586124897
3HMX_LH_AB,2131,315,58,0,1,0.6730461716651917,FP,-1.5781980752944946,-2.0079376697540283,-1.2972067594528198
3HMX_LH_AB,2132,315,59,0,1,0.6709316968917847,FP,-1.413528561592102,-2.0079376697540283,-0.5890325903892517
3HMX_LH_AB,2135,315,62,0,1,0.6376624703407288,FP,-1.6961359977722168,-2.0079376697540283,0.8273158073425293
3HMX_LH_AB,2136,315,63,0,1,0.5028260350227356,FP,-1.3351023197174072,-2.0079376697540283,0.8273158073425293
3HMX_LH_AB,2138,315,65,1,0,0.2354467660188675,FN,-1.4045051336288452,-2.0079376697540283,0.47322869300842285
3HMX_LH_AB,2148,316,20,0,1,0.5255501866340637,FP,-1.452681541442871,-0.23522116243839264,-0.5890325903892517
3HMX_LH_AB,2149,316,21,0,1,0.537227988243103,FP,-1.3453972339630127,-0.23522116243839264,-0.23494550585746765
3HMX_LH_AB,2150,316,22,0,1,0.5041130185127258,FP,-1.4948874711990356,-0.23522116243839264,-0.5890325903892517
3HMX_LH_AB,2168,316,53,1,0,0.4298307001590729,FN,-1.5033262968063354,-0.23522116243839264,-0.5890325903892517
3HMX_LH_AB,2169,316,54,1,0,0.4600043296813965,FN,-2.008028745651245,-0.23522116243839264,-0.5890325903892517
3HMX_LH_AB,2171,316,56,0,1,0.5864254832267761,FP,-1.7990790605545044,-0.23522116243839264,0.119141586124897
3HMX_LH_AB,2172,316,57,0,1,0.6223003268241882,FP,-1.6265265941619873,-0.23522116243839264,0.119141586124897
3HMX_LH_AB,2173,316,58,0,1,0.6092525124549866,FP,-1.4022854566574097,-0.23522116243839264,-1.2972067594528198
3HMX_LH_AB,2174,316,59,0,1,0.5522336363792419,FP,-1.0777071714401245,-0.23522116243839264,-0.5890325903892517
3HMX_LH_AB,2175,316,60,0,1,0.6049678921699524,FP,-1.4148709774017334,-0.23522116243839264,-1.2972067594528198
3HMX_LH_AB,2190,317,20,0,1,0.5282425880432129,FP,-1.416966199874878,-0.5897644758224487,-0.5890325903892517
3HMX_LH_AB,2191,317,21,0,1,0.5385216474533081,FP,-1.1163277626037598,-0.5897644758224487,-0.23494550585746765
3HMX_LH_AB,2212,317,55,0,1,0.5510454773902893,FP,-1.746328353881836,-0.5897644758224487,-0.23494550585746765
3HMX_LH_AB,2213,317,56,0,1,0.5964067578315735,FP,-1.6013422012329102,-0.5897644758224487,0.119141586124897
3HMX_LH_AB,2214,317,57,0,1,0.6379480361938477,FP,-1.6993402242660522,-0.5897644758224487,0.119141586124897
3HMX_LH_AB,2215,317,58,0,1,0.6348041892051697,FP,-1.564971685409546,-0.5897644758224487,-1.2972067594528198
3HMX_LH_AB,2216,317,59,0,1,0.6277079582214355,FP,-1.1674976348876953,-0.5897644758224487,-0.5890325903892517
3HMX_LH_AB,2217,317,60,0,1,0.6434583067893982,FP,-1.5165445804595947,-0.5897644758224487,-1.2972067594528198
3HMX_LH_AB,2218,317,61,0,1,0.6306867003440857,FP,-1.6045528650283813,-0.5897644758224487,-0.5890325903892517
3HMX_LH_AB,2219,317,62,0,1,0.5721489191055298,FP,-1.033522367477417,-0.5897644758224487,0.8273158073425293
3HMX_LH_AB,2256,318,57,0,1,0.5348132848739624,FP,-1.1346194744110107,0.11932213604450226,0.119141586124897
3HMX_LH_AB,2257,318,58,0,1,0.5158308744430542,FP,-1.0154109001159668,0.11932213604450226,-1.2972067594528198
3HMX_LH_AB,2260,318,61,0,1,0.5055182576179504,FP,-1.101157784461975,0.11932213604450226,-0.5890325903892517
3HMX_LH_AB,2288,320,44,1,0,0.15713350474834442,FN,-1.1771204471588135,-0.23522116243839264,-1.2972067594528198
3HMX_LH_AB,2298,320,57,0,1,0.5016795992851257,FP,-0.42817574739456177,-0.23522116243839264,0.119141586124897
3HMX_LH_AB,2299,320,58,0,1,0.5139685273170471,FP,-0.4748835265636444,-0.23522116243839264,-1.2972067594528198
3HMX_LH_AB,2300,320,59,0,1,0.5109128355979919,FP,-0.30202069878578186,-0.23522116243839264,-0.5890325903892517
3HMX_LH_AB,2301,320,60,0,1,0.5347762703895569,FP,-0.8474645018577576,-0.23522116243839264,-1.2972067594528198
3HMX_LH_AB,2302,320,61,0,1,0.5063867568969727,FP,-0.8039491772651672,-0.23522116243839264,-0.5890325903892517
