case,edge_id,src_node,dst_node,is_self_loop,src_residue_a_idx,src_residue_b_idx,dst_residue_a_idx,dst_residue_b_idx,src_true_label,dst_true_label,src_pred_label,dst_pred_label,src_prob_class_1,dst_prob_class_1,mean_attention,max_attention,src_ca_distance,src_degree_a,src_degree_b,dst_ca_distance,dst_degree_a,dst_degree_b,head_0,head_1,head_2,head_3,src_status,dst_status,context_labels
1BRS_A_B,9543,184,170,0,105,11,104,14,1,0,0,0,0.42166081070899963,0.3984301686286926,0.053467750549316406,0.05975380912423134,10.831938743591309,8.0,8.0,17.193572998046875,7.0,8.0,0.05835040286183357,0.05975380912423134,0.050846412777900696,0.044920388609170914,FN,TN,src:FN
1BRS_A_B,5327,184,110,0,105,11,92,14,1,0,0,0,0.42166081070899963,0.3793787360191345,0.04522194713354111,0.04866396635770798,10.831938743591309,8.0,8.0,14.237442016601562,9.0,8.0,0.04774192348122597,0.04866396635770798,0.04137689620256424,0.043105002492666245,FN,TN,src:FN
1BRS_A_B,3828,72,81,0,9,107,12,94,1,0,0,0,0.43779903650283813,0.41444218158721924,0.03725787252187729,0.03996670991182327,10.097827911376953,8.0,8.0,14.084796905517578,8.0,9.0,0.03890414163470268,0.03996670991182327,0.034570109099149704,0.03559053689241409,FN,TN,src:FN
1BRS_A_B,8663,184,155,0,105,11,95,14,1,0,0,0,0.42166081070899963,0.3164917230606079,0.03501157835125923,0.03887449949979782,10.831938743591309,8.0,8.0,19.99204444885254,13.0,8.0,0.03578765690326691,0.03887449949979782,0.03271259739995003,0.03267155960202217,FN,TN,src:FN
1BRS_A_B,7559,184,140,0,105,11,94,14,1,0,0,0,0.42166081070899963,0.39688193798065186,0.032612934708595276,0.03531306982040405,10.831938743591309,8.0,8.0,17.187410354614258,12.0,8.0,0.034462567418813705,0.03531306982040405,0.03003263846039772,0.030643455684185028,FN,TN,src:FN
1BRS_A_B,10306,184,215,0,105,11,107,14,1,0,0,0,0.42166081070899963,0.34600386023521423,0.032335616648197174,0.034956417977809906,10.831938743591309,8.0,8.0,11.372563362121582,7.0,8.0,0.034041039645671844,0.034956417977809906,0.029521966353058815,0.03082304820418358,FN,TN,src:FN
1BRS_A_B,10298,184,200,0,105,11,106,14,1,0,0,0,0.42166081070899963,0.3524402678012848,0.03208893910050392,0.03489786386489868,10.831938743591309,8.0,8.0,13.365921974182129,7.0,8.0,0.03398268669843674,0.03489786386489868,0.02947607822716236,0.029999123886227608,FN,TN,src:FN
1BRS_A_B,3820,72,85,0,9,107,12,105,1,0,0,0,0.43779903650283813,0.33682653307914734,0.031065724790096283,0.037807974964380264,10.097827911376953,8.0,8.0,19.587448120117188,8.0,11.0,0.036712512373924255,0.037807974964380264,0.02225731685757637,0.02748510055243969,FN,TN,src:FN
3HMX_LH_AB,131068,1472,1680,0,265,16,270,14,0,1,0,0,0.012620764784514904,0.036768555641174316,0.03078533336520195,0.042517416179180145,16.652385711669922,13.0,4.0,12.23228645324707,6.0,9.0,0.027000820264220238,0.02921406365931034,0.024409033358097076,0.042517416179180145,TN,FN,dst:FN
3HMX_LH_AB,131280,1474,1680,0,265,18,270,14,0,1,0,0,0.013891120441257954,0.036768555641174316,0.030513837933540344,0.03948793187737465,18.98916244506836,13.0,7.0,12.23228645324707,6.0,9.0,0.026828844100236893,0.026210486888885498,0.029528092592954636,0.03948793187737465,TN,FN,dst:FN
1FSS_A_B,119686,1182,1280,0,276,46,279,45,1,0,0,0,0.44384703040122986,0.3947969079017639,0.0301985964179039,0.03215528652071953,8.214834213256836,9.0,8.0,13.86249828338623,5.0,6.0,0.02934715524315834,0.03146238997578621,0.027829553931951523,0.03215528652071953,FN,TN,src:FN
3HMX_LH_AB,130968,1471,1680,0,265,15,270,14,0,1,0,0,0.012821836397051811,0.036768555641174316,0.029940228909254074,0.03833114728331566,18.385032653808594,13.0,7.0,12.23228645324707,6.0,9.0,0.026340579614043236,0.025968285277485847,0.029120899736881256,0.03833114728331566,TN,FN,dst:FN
1BRS_A_B,4424,89,96,0,12,109,91,94,1,0,0,0,0.39498478174209595,0.4916243255138397,0.029893789440393448,0.0329425074160099,10.858309745788574,8.0,6.0,16.7534122467041,10.0,9.0,0.03237403556704521,0.0329425074160099,0.024844009429216385,0.02941461279988289,FN,TN,src:FN
3HMX_LH_AB,146746,1598,1680,0,268,16,270,14,0,1,0,0,0.007414884865283966,0.036768555641174316,0.02969195879995823,0.03862777352333069,18.899009704589844,5.0,4.0,12.23228645324707,6.0,9.0,0.033384401351213455,0.03862777352333069,0.026372134685516357,0.020383531227707863,TN,FN,dst:FN
1FSS_A_B,11154,104,798,0,65,7,118,8,1,0,0,0,0.4471219480037689,0.4901391267776489,0.02968038059771061,0.03170087933540344,8.12403678894043,11.0,7.0,11.214735984802246,12.0,5.0,0.03009181097149849,0.03170087933540344,0.027762264013290405,0.02916656993329525,FN,TN,src:FN
1BRS_A_B,3517,89,66,0,12,109,9,94,1,0,0,0,0.39498478174209595,0.4193572998046875,0.029640614986419678,0.03261730074882507,10.858309745788574,8.0,6.0,12.640995979309082,8.0,9.0,0.031671009957790375,0.03261730074882507,0.024547122418880463,0.029727023094892502,FN,TN,src:FN
3HMX_LH_AB,126114,1432,1764,0,264,18,272,14,0,1,0,0,0.03108457662165165,0.18808074295520782,0.02961837872862816,0.03329860791563988,17.13196563720703,13.0,7.0,11.097397804260254,7.0,9.0,0.027827084064483643,0.02742728963494301,0.029920529574155807,0.03329860791563988,TN,FN,dst:FN
3HMX_LH_AB,146838,1600,1680,0,268,18,270,14,0,1,0,0,0.007744126487523317,0.036768555641174316,0.029252484440803528,0.03402749076485634,21.571481704711914,5.0,7.0,12.23228645324707,6.0,9.0,0.03402749076485634,0.030681569129228592,0.03215000778436661,0.02015087381005287,TN,FN,dst:FN
1BRS_A_B,3822,72,86,0,9,107,12,106,1,0,0,0,0.43779903650283813,0.3395058512687683,0.029201291501522064,0.03199760615825653,10.097827911376953,8.0,8.0,16.309703826904297,8.0,7.0,0.03027649037539959,0.03199760615825653,0.02608620934188366,0.02844485267996788,FN,TN,src:FN
3HMX_LH_AB,125874,1429,1764,0,264,15,272,14,0,1,0,0,0.031439006328582764,0.18808074295520782,0.02916071005165577,0.03246672451496124,16.617900848388672,13.0,7.0,11.097397804260254,7.0,9.0,0.027395566925406456,0.027211477980017662,0.029569072648882866,0.03246672451496124,TN,FN,dst:FN
1BRS_A_B,1547,72,36,0,9,107,6,94,1,0,0,0,0.43779903650283813,0.41874387860298157,0.02905479446053505,0.030740531161427498,10.097827911376953,8.0,8.0,15.606820106506348,9.0,9.0,0.03010495752096176,0.030740531161427498,0.02685161493718624,0.0285220704972744,FN,TN,src:FN
1BRS_A_B,1759,72,40,0,9,107,6,105,1,0,0,0,0.43779903650283813,0.43797287344932556,0.028975820168852806,0.031154369935393333,10.097827911376953,8.0,8.0,14.686478614807129,9.0,11.0,0.03036641888320446,0.031154369935393333,0.02586844377219677,0.02851405180990696,FN,TN,src:FN
1BRS_A_B,4417,98,89,0,91,96,12,109,0,1,0,0,0.47338035702705383,0.39498478174209595,0.028933566063642502,0.03236311674118042,18.23843002319336,10.0,12.0,10.858309745788574,8.0,6.0,0.028935763984918594,0.02705421671271324,0.03236311674118042,0.027381164953112602,TN,FN,dst:FN
3HMX_LH_AB,125950,1430,1764,0,264,16,272,14,0,1,0,0,0.0315825492143631,0.18808074295520782,0.028902117162942886,0.03495525196194649,14.279789924621582,13.0,4.0,11.097397804260254,7.0,9.0,0.02757006324827671,0.0286409892141819,0.02444216050207615,0.03495525196194649,TN,FN,dst:FN
3HMX_LH_AB,126090,1432,1680,0,264,18,270,14,0,1,0,0,0.03108457662165165,0.036768555641174316,0.02879045531153679,0.036038681864738464,17.13196563720703,13.0,7.0,12.23228645324707,6.0,9.0,0.02535598911345005,0.02547302469611168,0.028294125571846962,0.036038681864738464,TN,FN,dst:FN
3HMX_LH_AB,82565,1030,986,0,239,46,215,44,0,1,0,0,0.0700405091047287,0.14587107300758362,0.028787873685359955,0.03002230077981949,16.304931640625,7.0,8.0,10.26711368560791,8.0,6.0,0.03002230077981949,0.029057610780000687,0.026960402727127075,0.02911117672920227,TN,FN,dst:FN
1BRS_A_B,2236,48,89,0,8,10,12,109,0,1,0,0,0.17988751828670502,0.39498478174209595,0.028781946748495102,0.03138444572687149,17.182178497314453,12.0,12.0,10.858309745788574,8.0,6.0,0.02716013416647911,0.02647699974477291,0.03138444572687149,0.030106207355856895,TN,FN,dst:FN
1BRS_A_B,9419,184,167,0,105,11,104,8,1,0,0,0,0.42166081070899963,0.40752074122428894,0.028759699314832687,0.030524419620633125,10.831938743591309,8.0,8.0,12.916085243225098,7.0,9.0,0.0304449163377285,0.030524419620633125,0.027859266847372055,0.026210185140371323,FN,TN,src:FN
3HMX_LH_AB,80712,939,986,0,214,39,215,44,0,1,0,0,0.08856263011693954,0.14587107300758362,0.02874942123889923,0.03375280648469925,17.872407913208008,5.0,12.0,10.26711368560791,8.0,6.0,0.029299410060048103,0.026643091812729836,0.03375280648469925,0.025302378460764885,TN,FN,dst:FN
1BRS_A_B,9387,184,166,0,105,11,104,7,1,0,0,0,0.42166081070899963,0.4209122061729431,0.02866840735077858,0.03074575960636139,10.831938743591309,8.0,8.0,9.28620433807373,7.0,6.0,0.030238337814807892,0.03074575960636139,0.026699285954236984,0.026990249752998352,FN,TN,src:FN
1BRS_A_B,891,72,21,0,9,107,5,94,1,0,0,0,0.43779903650283813,0.429962158203125,0.028554759919643402,0.030467692762613297,10.097827911376953,8.0,8.0,13.35178279876709,6.0,9.0,0.02976696565747261,0.030467692762613297,0.026480108499526978,0.027504276484251022,FN,TN,src:FN
1BRS_A_B,1103,72,25,0,9,107,5,105,1,0,0,0,0.43779903650283813,0.45052316784858704,0.028525810688734055,0.0308530293405056,10.097827911376953,8.0,8.0,11.537835121154785,6.0,11.0,0.029979340732097626,0.0308530293405056,0.025645488873124123,0.02762538194656372,FN,TN,src:FN
1BRS_A_B,4425,96,89,0,91,94,12,109,0,1,0,0,0.4916243255138397,0.39498478174209595,0.028510209172964096,0.029885198920965195,16.7534122467041,10.0,9.0,10.858309745788574,8.0,6.0,0.029885198920965195,0.02885122410953045,0.027281491085886955,0.028022926300764084,TN,FN,dst:FN
3HMX_LH_AB,125858,1429,1680,0,264,15,270,14,0,1,0,0,0.031439006328582764,0.036768555641174316,0.02833387441933155,0.03513834625482559,16.617900848388672,13.0,7.0,12.23228645324707,6.0,9.0,0.024962790310382843,0.025272589176893234,0.027961773797869682,0.03513834625482559,TN,FN,dst:FN
1BRS_A_B,3436,63,89,0,9,10,12,109,0,1,0,0,0.09548845142126083,0.39498478174209595,0.028248222544789314,0.03215937688946724,17.683977127075195,8.0,12.0,10.858309745788574,8.0,6.0,0.029354261234402657,0.026968181133270264,0.03215937688946724,0.024511074647307396,TN,FN,dst:FN
3HMX_LH_AB,80986,946,986,0,214,46,215,44,0,1,0,0,0.056105878204107285,0.14587107300758362,0.028243934735655785,0.03074725531041622,16.062986373901367,5.0,8.0,10.26711368560791,8.0,6.0,0.03074725531041622,0.02910463884472847,0.02698381058871746,0.026140032336115837,TN,FN,dst:FN
1BRS_A_B,6295,184,125,0,105,11,93,14,1,0,0,0,0.42166081070899963,0.3397173285484314,0.028243038803339005,0.030674820765852928,10.831938743591309,8.0,8.0,15.679360389709473,12.0,8.0,0.029805660247802734,0.030674820765852928,0.025884075090289116,0.02660759910941124,FN,TN,src:FN
3HMX_LH_AB,125934,1430,1680,0,264,16,270,14,0,1,0,0,0.0315825492143631,0.036768555641174316,0.02816680818796158,0.03783164918422699,14.279789924621582,13.0,4.0,12.23228645324707,6.0,9.0,0.025121787562966347,0.026600245386362076,0.023113546893000603,0.03783164918422699,TN,FN,dst:FN
3HMX_LH_AB,121340,1387,1764,0,263,15,272,14,0,1,0,0,0.055798742920160294,0.18808074295520782,0.028155675157904625,0.029233789071440697,15.899759292602539,12.0,7.0,11.097397804260254,7.0,9.0,0.0272255577147007,0.026984719559550285,0.029178638011217117,0.029233789071440697,TN,FN,dst:FN
3HMX_LH_AB,80644,938,986,0,214,38,215,44,0,1,0,0,0.10146433860063553,0.14587107300758362,0.028152888640761375,0.03793806582689285,17.01158905029297,5.0,15.0,10.26711368560791,8.0,6.0,0.02641584910452366,0.024099035188555717,0.03793806582689285,0.024158606305718422,TN,FN,dst:FN
1BRS_A_B,4427,97,89,0,91,95,12,109,0,1,0,0,0.48366597294807434,0.39498478174209595,0.028065267950296402,0.031244199723005295,16.707626342773438,10.0,12.0,10.858309745788574,8.0,6.0,0.02761995978653431,0.026425223797559738,0.031244199723005295,0.026971686631441116,TN,FN,dst:FN
1BRS_A_B,4419,93,89,0,91,10,12,109,0,1,0,0,0.3435865640640259,0.39498478174209595,0.028057467192411423,0.031234143301844597,16.693628311157227,10.0,12.0,10.858309745788574,8.0,6.0,0.02760820835828781,0.026419540867209435,0.031234143301844597,0.02696796879172325,TN,FN,dst:FN
3HMX_LH_AB,82557,1023,986,0,239,39,215,44,0,1,0,0,0.13353846967220306,0.14587107300758362,0.028001876547932625,0.03202694654464722,15.86863899230957,7.0,12.0,10.26711368560791,8.0,6.0,0.026720548048615456,0.0256977342069149,0.03202694654464722,0.027562277391552925,TN,FN,dst:FN
3HMX_LH_AB,121548,1390,1764,0,263,18,272,14,0,1,0,0,0.05482158064842224,0.18808074295520782,0.028000803664326668,0.029152648523449898,15.617377281188965,12.0,7.0,11.097397804260254,7.0,9.0,0.02699282579123974,0.026867875829339027,0.028989864513278008,0.029152648523449898,TN,FN,dst:FN
3HMX_LH_AB,82555,1022,986,0,239,38,215,44,0,1,0,0,0.13573773205280304,0.14587107300758362,0.02794267237186432,0.03680496662855148,15.972078323364258,7.0,15.0,10.26711368560791,8.0,6.0,0.02480747364461422,0.0235909353941679,0.03680496662855148,0.026567311957478523,TN,FN,dst:FN
1BRS_A_B,4421,102,89,0,91,107,12,109,0,1,0,0,0.48543569445610046,0.39498478174209595,0.02792009525001049,0.02938532829284668,15.349602699279785,10.0,8.0,10.858309745788574,8.0,6.0,0.02938532829284668,0.02906757779419422,0.025238798931241035,0.027988679707050323,TN,FN,dst:FN
3HMX_LH_AB,149730,1642,1680,0,269,18,270,14,0,1,0,0,0.014802713878452778,0.036768555641174316,0.02790251187980175,0.030953316017985344,20.34071922302246,8.0,7.0,12.23228645324707,6.0,9.0,0.030223123729228973,0.027119873091578484,0.030953316017985344,0.023313729092478752,TN,FN,dst:FN
3HMX_LH_AB,82563,1029,986,0,239,45,215,44,0,1,0,0,0.08706849068403244,0.14587107300758362,0.027743535116314888,0.028576381504535675,14.421198844909668,7.0,8.0,10.26711368560791,8.0,6.0,0.028351251035928726,0.028228526934981346,0.025817984715104103,0.028576381504535675,TN,FN,dst:FN
1BRS_A_B,9351,181,165,0,105,7,104,6,1,0,0,0,0.4101242423057556,0.4998249113559723,0.027741819620132446,0.031633321195840836,7.758448600769043,8.0,6.0,10.1652250289917,7.0,10.0,0.029746461659669876,0.031633321195840836,0.02247106097638607,0.027116436511278152,FN,TN,src:FN
1BRS_A_B,2420,51,89,0,8,94,12,109,0,1,0,0,0.47301530838012695,0.39498478174209595,0.027570027858018875,0.030355606228113174,14.1815824508667,12.0,9.0,10.858309745788574,8.0,6.0,0.026788122951984406,0.02758565917611122,0.02555072493851185,0.030355606228113174,TN,FN,dst:FN
3HMX_LH_AB,153648,1684,1764,0,270,18,272,14,0,1,0,0,0.03197948634624481,0.18808074295520782,0.027483899146318436,0.030534781515598297,16.592561721801758,6.0,7.0,11.097397804260254,7.0,9.0,0.030534781515598297,0.027713574469089508,0.03022434189915657,0.021462906152009964,TN,FN,dst:FN
1BRS_A_B,9415,181,167,0,105,7,104,8,1,0,0,0,0.4101242423057556,0.40752074122428894,0.02745792642235756,0.030857602134346962,7.758448600769043,8.0,6.0,12.916085243225098,7.0,9.0,0.02919800393283367,0.030857602134346962,0.02369828149676323,0.02607782557606697,FN,TN,src:FN
3HMX_LH_AB,157062,1726,1764,0,271,18,272,14,0,1,0,0,0.06125688925385475,0.18808074295520782,0.02743474766612053,0.02933315746486187,15.710001945495605,9.0,7.0,11.097397804260254,7.0,9.0,0.028366560116410255,0.02712232805788517,0.02933315746486187,0.02491695061326027,TN,FN,dst:FN
3HMX_LH_AB,149602,1640,1680,0,269,16,270,14,0,1,0,0,0.015270490199327469,0.036768555641174316,0.027359209954738617,0.031736526638269424,16.862308502197266,8.0,4.0,12.23228645324707,6.0,9.0,0.029379265382885933,0.031736526638269424,0.02492448501288891,0.023396560922265053,TN,FN,dst:FN
3HMX_LH_AB,82577,1072,986,0,240,46,215,44,0,1,0,0,0.0739031434059143,0.14587107300758362,0.02730780839920044,0.02834933064877987,13.610769271850586,7.0,8.0,10.26711368560791,8.0,6.0,0.027661247178912163,0.027879154309630394,0.025341501459479332,0.02834933064877987,TN,FN,dst:FN
1BRS_A_B,1172,27,36,0,5,107,6,94,1,0,0,0,0.46332111954689026,0.41874387860298157,0.027274208143353462,0.029741579666733742,7.600860595703125,6.0,8.0,15.606820106506348,9.0,9.0,0.028788987547159195,0.029741579666733742,0.025517422705888748,0.025048842653632164,FN,TN,src:FN
1BRS_A_B,1164,27,40,0,5,107,6,105,1,0,0,0,0.46332111954689026,0.43797287344932556,0.027201473712921143,0.03014197200536728,7.600860595703125,6.0,8.0,14.686478614807129,9.0,11.0,0.029039015993475914,0.03014197200536728,0.024583103135228157,0.025041799992322922,FN,TN,src:FN
3HMX_LH_AB,146702,1597,1680,0,268,15,270,14,0,1,0,0,0.007678704336285591,0.036768555641174316,0.02716740593314171,0.03104398399591446,19.682010650634766,5.0,7.0,12.23228645324707,6.0,9.0,0.03104398399591446,0.027062445878982544,0.030783625319600105,0.019779570400714874,TN,FN,dst:FN
1BRS_A_B,2514,52,89,0,8,95,12,109,0,1,0,0,0.45854800939559937,0.39498478174209595,0.027104681357741356,0.029235180467367172,14.09585952758789,12.0,12.0,10.858309745788574,8.0,6.0,0.0247275959700346,0.025250574573874474,0.029235180467367172,0.02920537441968918,TN,FN,dst:FN
3HMX_LH_AB,80824,942,986,0,214,42,215,44,0,1,0,0,0.16434615850448608,0.14587107300758362,0.027093585580587387,0.029699405655264854,13.22451114654541,5.0,6.0,10.26711368560791,8.0,6.0,0.029699405655264854,0.029528774321079254,0.02307790517807007,0.02606825903058052,TN,FN,dst:FN
3HMX_LH_AB,121408,1388,1764,0,263,16,272,14,0,1,0,0,0.05685362592339516,0.18808074295520782,0.027058929204940796,0.029481185600161552,12.917167663574219,12.0,4.0,11.097397804260254,7.0,9.0,0.026867352426052094,0.028122415766119957,0.02376476302742958,0.029481185600161552,TN,FN,dst:FN
3HMX_LH_AB,80938,945,986,0,214,45,215,44,0,1,0,0,0.07223433256149292,0.14587107300758362,0.027055880054831505,0.028796713799238205,13.90722942352295,5.0,8.0,10.26711368560791,8.0,6.0,0.028796713799238205,0.02815626747906208,0.0256793312728405,0.025591203942894936,TN,FN,dst:FN
3HMX_LH_AB,160769,1810,1764,0,273,18,272,14,0,1,0,0,0.3345922827720642,0.18808074295520782,0.02704259380698204,0.028188977390527725,14.258687973022461,11.0,7.0,11.097397804260254,7.0,9.0,0.026307975873351097,0.02638299949467182,0.028188977390527725,0.02729041688144207,TN,FN,dst:FN
1BRS_A_B,4423,103,89,0,91,108,12,109,0,1,0,0,0.45202285051345825,0.39498478174209595,0.027042072266340256,0.02900850586593151,13.327247619628906,10.0,7.0,10.858309745788574,8.0,6.0,0.028355546295642853,0.02900850586593151,0.023019442334771156,0.027784794569015503,TN,FN,dst:FN
1BRS_A_B,2634,53,89,0,8,96,12,109,0,1,0,0,0.49499207735061646,0.39498478174209595,0.02704019285738468,0.029170023277401924,13.972810745239258,12.0,12.0,10.858309745788574,8.0,6.0,0.02463526278734207,0.02520287223160267,0.02915261499583721,0.029170023277401924,TN,FN,dst:FN
1BRS_A_B,1204,27,66,0,5,107,9,94,1,0,0,0,0.46332111954689026,0.4193572998046875,0.026978466659784317,0.029430575668811798,7.600860595703125,6.0,8.0,12.640995979309082,8.0,9.0,0.02810543216764927,0.029430575668811798,0.025110064074397087,0.025267794728279114,FN,TN,src:FN
1BRS_A_B,423,27,10,0,5,107,4,105,1,0,0,1,0.46332111954689026,0.5326613187789917,0.0268605574965477,0.030050911009311676,7.600860595703125,6.0,8.0,12.758077621459961,10.0,11.0,0.029171204194426537,0.030050911009311676,0.024617362767457962,0.023602750152349472,FN,FP,src:FN;dst:FP
1BRS_A_B,9509,181,169,0,105,7,104,11,1,0,0,0,0.4101242423057556,0.4256455898284912,0.026643026620149612,0.030073614791035652,7.758448600769043,8.0,6.0,13.730802536010742,7.0,8.0,0.027967285364866257,0.030073614791035652,0.023374024778604507,0.025157179683446884,FN,TN,src:FN
3HMX_LH_AB,160775,1852,1764,0,274,18,272,14,0,1,0,0,0.4868479371070862,0.18808074295520782,0.026623493060469627,0.027677126228809357,13.461450576782227,11.0,7.0,11.097397804260254,7.0,9.0,0.02567799761891365,0.026061750948429108,0.027677126228809357,0.027077103033661842,TN,FN,dst:FN
3HMX_LH_AB,80858,943,986,0,214,43,215,44,0,1,0,0,0.16014808416366577,0.14587107300758362,0.026601657271385193,0.029110806062817574,12.296831130981445,5.0,6.0,10.26711368560791,8.0,6.0,0.02887348271906376,0.029110806062817574,0.02259102836251259,0.0258313100785017,TN,FN,dst:FN
3HMX_LH_AB,149542,1639,1680,0,269,15,270,14,0,1,0,0,0.015509741380810738,0.036768555641174316,0.02659444883465767,0.02931767888367176,17.97878646850586,8.0,7.0,12.23228645324707,6.0,9.0,0.028128962963819504,0.02615317888557911,0.02931767888367176,0.022777972742915154,TN,FN,dst:FN
3HMX_LH_AB,82575,1071,986,0,240,45,215,44,0,1,0,0,0.09179148077964783,0.14587107300758362,0.026539333164691925,0.027943022549152374,12.144159317016602,7.0,8.0,10.26711368560791,8.0,6.0,0.026454981416463852,0.027257855981588364,0.02450147271156311,0.027943022549152374,TN,FN,dst:FN
3HMX_LH_AB,156874,1723,1764,0,271,15,272,14,0,1,0,0,0.0721823126077652,0.18808074295520782,0.026502927765250206,0.028190210461616516,13.980897903442383,9.0,7.0,11.097397804260254,7.0,9.0,0.026913892477750778,0.02641114592552185,0.028190210461616516,0.02449645847082138,TN,FN,dst:FN
3HMX_LH_AB,160771,1849,1764,0,274,15,272,14,0,1,1,0,0.5264115333557129,0.18808074295520782,0.02649499662220478,0.02752021886408329,13.214105606079102,11.0,7.0,11.097397804260254,7.0,9.0,0.025485629215836525,0.02596287801861763,0.02752021886408329,0.027011260390281677,FP,FN,src:FP;dst:FN
3HMX_LH_AB,160765,1807,1764,0,273,15,272,14,0,1,0,0,0.4296407699584961,0.18808074295520782,0.026425078511238098,0.027434851974248886,13.078935623168945,11.0,7.0,11.097397804260254,7.0,9.0,0.025381112471222878,0.025909006595611572,0.027434851974248886,0.026975346729159355,TN,FN,dst:FN
3HMX_LH_AB,82561,1027,986,0,239,43,215,44,0,1,0,0,0.2282702773809433,0.14587107300758362,0.02636495977640152,0.02839510701596737,11.024131774902344,7.0,6.0,10.26711368560791,8.0,6.0,0.026923920959234238,0.02839510701596737,0.02179914526641369,0.028341664001345634,TN,FN,dst:FN
3HMX_LH_AB,153484,1681,1764,0,270,15,272,14,0,1,0,0,0.0363008938729763,0.18808074295520782,0.026363510638475418,0.02884635329246521,14.56238079071045,6.0,7.0,11.097397804260254,7.0,9.0,0.028707105666399002,0.026862315833568573,0.02884635329246521,0.021038265898823738,TN,FN,dst:FN
3HMX_LH_AB,80835,1028,943,0,239,44,214,43,1,0,0,0,0.1756022572517395,0.16014808416366577,0.026342321187257767,0.02829054184257984,10.867164611816406,7.0,6.0,12.296831130981445,5.0,6.0,0.027450332418084145,0.02829054184257984,0.022597922012209892,0.027030494064092636,FN,TN,src:FN
3HMX_LH_AB,82527,1028,985,0,239,44,215,43,1,0,0,0,0.1756022572517395,0.17938114702701569,0.02632797509431839,0.02821895107626915,10.867164611816406,7.0,6.0,11.932426452636719,8.0,6.0,0.02672191709280014,0.028053898364305496,0.02231713943183422,0.02821895107626915,FN,TN,src:FN
1BRS_A_B,211,27,6,0,5,107,4,94,1,0,0,1,0.46332111954689026,0.503285825252533,0.026317838579416275,0.02948448620736599,7.600860595703125,6.0,8.0,16.408296585083008,10.0,9.0,0.028589067980647087,0.02948448620736599,0.025172119960188866,0.022025680169463158,FN,FP,src:FN;dst:FP
3HMX_LH_AB,82567,1064,986,0,240,38,215,44,0,1,0,0,0.1603720635175705,0.14587107300758362,0.02627161145210266,0.03426388278603554,12.85959529876709,7.0,15.0,10.26711368560791,8.0,6.0,0.022567687556147575,0.0224891509860754,0.03426388278603554,0.02576572820544243,TN,FN,dst:FN
3HMX_LH_AB,80859,986,943,0,215,44,214,43,1,0,0,0,0.14587107300758362,0.16014808416366577,0.026258330792188644,0.02832360938191414,10.26711368560791,8.0,6.0,12.296831130981445,5.0,6.0,0.026536669582128525,0.027956200763583183,0.022216852754354477,0.02832360938191414,FN,TN,src:FN
3HMX_LH_AB,209666,986,986,1,215,44,215,44,1,1,0,0,0.14587107300758362,0.14587107300758362,0.02622545324265957,0.02965165488421917,10.26711368560791,8.0,6.0,10.26711368560791,8.0,6.0,0.025903865694999695,0.027991928160190582,0.02135436423122883,0.02965165488421917,FN,FN,src:FN;dst:FN
3HMX_LH_AB,153536,1682,1764,0,270,16,272,14,0,1,0,0,0.03616825491189957,0.18808074295520782,0.026212578639388084,0.029950827360153198,13.410470962524414,6.0,4.0,11.097397804260254,7.0,9.0,0.029950827360153198,0.028793592005968094,0.02450382336974144,0.021602073684334755,TN,FN,dst:FN
1BRS_A_B,3634,68,89,0,9,96,12,109,0,1,0,0,0.4383760392665863,0.39498478174209595,0.026194142177700996,0.029503783211112022,13.934362411499023,8.0,12.0,10.858309745788574,8.0,6.0,0.026191676035523415,0.025458185002207756,0.029503783211112022,0.023622920736670494,TN,FN,dst:FN
3HMX_LH_AB,82559,1026,986,0,239,42,215,44,0,1,0,0,0.23476551473140717,0.14587107300758362,0.026184437796473503,0.0282424483448267,10.667859077453613,7.0,6.0,10.26711368560791,8.0,6.0,0.026633869856595993,0.02824007160961628,0.021621359512209892,0.0282424483448267,TN,FN,dst:FN
3HMX_LH_AB,80801,1028,942,0,239,44,214,42,1,0,0,0,0.1756022572517395,0.16434615850448608,0.02612980082631111,0.028106562793254852,10.867164611816406,7.0,6.0,13.22451114654541,5.0,6.0,0.027095548808574677,0.028106562793254852,0.022397920489311218,0.026919174939393997,FN,TN,src:FN
3HMX_LH_AB,82493,1028,984,0,239,44,215,42,1,0,0,0,0.1756022572517395,0.1854964941740036,0.026125317439436913,0.028112085536122322,10.867164611816406,7.0,6.0,11.915024757385254,8.0,6.0,0.0263858363032341,0.027880452573299408,0.02212289720773697,0.028112085536122322,FN,TN,src:FN
3HMX_LH_AB,82569,1065,986,0,240,39,215,44,0,1,0,0,0.17068326473236084,0.14587107300758362,0.026102885603904724,0.029503492638468742,12.298118591308594,7.0,12.0,10.26711368560791,8.0,6.0,0.023971885442733765,0.02432572841644287,0.029503492638468742,0.02661043219268322,TN,FN,dst:FN
1BRS_A_B,1196,27,70,0,5,107,9,105,1,0,0,0,0.46332111954689026,0.41404175758361816,0.026078158989548683,0.029226472601294518,7.600860595703125,6.0,8.0,15.704841613769531,8.0,11.0,0.027818605303764343,0.029226472601294518,0.02266545221209526,0.02460210584104061,FN,TN,src:FN
3HMX_LH_AB,80825,986,942,0,215,44,214,42,1,0,0,0,0.14587107300758362,0.16434615850448608,0.026048818603157997,0.02820696495473385,10.26711368560791,8.0,6.0,13.22451114654541,5.0,6.0,0.026193693280220032,0.027774395421147346,0.02202022261917591,0.02820696495473385,FN,TN,src:FN
1BRS_A_B,3572,67,89,0,9,95,12,109,0,1,0,0,0.3641919791698456,0.39498478174209595,0.026002267375588417,0.02925572544336319,13.567025184631348,8.0,12.0,10.858309745788574,8.0,6.0,0.02590080350637436,0.025314882397651672,0.02925572544336319,0.023537660017609596,TN,FN,dst:FN
1BRS_A_B,3138,58,89,0,8,108,12,109,0,1,0,0,0.4419076144695282,0.39498478174209595,0.02592041902244091,0.029929183423519135,10.185152053833008,12.0,7.0,10.858309745788574,8.0,6.0,0.024980127811431885,0.027494041249155998,0.021278318017721176,0.029929183423519135,TN,FN,dst:FN
1BRS_A_B,3516,66,89,0,9,94,12,109,0,1,0,0,0.4193572998046875,0.39498478174209595,0.0259103961288929,0.027229253202676773,12.640995979309082,8.0,9.0,10.858309745788574,8.0,6.0,0.027209151536226273,0.027229253202676773,0.024980932474136353,0.024222247302532196,TN,FN,dst:FN
3HMX_LH_AB,156934,1724,1764,0,271,16,272,14,0,1,0,0,0.07291094213724136,0.18808074295520782,0.02590249478816986,0.02791684865951538,11.918974876403809,9.0,4.0,11.097397804260254,7.0,9.0,0.027313705533742905,0.02791684865951538,0.02345077320933342,0.024928651750087738,TN,FN,dst:FN
1BRS_A_B,13537,89,89,1,12,109,12,109,1,1,0,0,0.39498478174209595,0.39498478174209595,0.025596607476472855,0.028905363753437996,10.858309745788574,8.0,6.0,10.858309745788574,8.0,6.0,0.02784876339137554,0.028905363753437996,0.02091486006975174,0.024717440828680992,FN,FN,src:FN;dst:FN
3HMX_LH_AB,153437,1726,1680,0,271,18,270,14,0,1,0,0,0.06125688925385475,0.036768555641174316,0.025563711300492287,0.02773868292570114,15.710001945495605,9.0,7.0,12.23228645324707,6.0,9.0,0.025847556069493294,0.02518979087471962,0.02773868292570114,0.023478815332055092,TN,FN,dst:FN
1BRS_A_B,3018,57,89,0,8,107,12,109,0,1,0,0,0.49743562936782837,0.39498478174209595,0.025557760149240494,0.029458429664373398,9.854055404663086,12.0,8.0,10.858309745788574,8.0,6.0,0.0240998063236475,0.026571471244096756,0.022101324051618576,0.029458429664373398,TN,FN,dst:FN
1BRS_A_B,3884,73,89,0,9,108,12,109,0,1,0,0,0.3419472873210907,0.39498478174209595,0.025533879175782204,0.02821166254580021,11.167513847351074,8.0,7.0,10.858309745788574,8.0,6.0,0.02739548496901989,0.02821166254580021,0.022045889869332314,0.024482479318976402,TN,FN,dst:FN
3HMX_LH_AB,160767,1808,1764,0,273,16,272,14,0,1,0,0,0.4312751591205597,0.18808074295520782,0.02525101974606514,0.02712242305278778,9.792619705200195,11.0,4.0,11.097397804260254,7.0,9.0,0.024816958233714104,0.02687562070786953,0.022189076989889145,0.02712242305278778,TN,FN,dst:FN
