case,edge_id,src_node,dst_node,is_self_loop,src_residue_a_idx,src_residue_b_idx,dst_residue_a_idx,dst_residue_b_idx,src_true_label,dst_true_label,src_pred_label,dst_pred_label,src_prob_class_1,dst_prob_class_1,mean_attention,max_attention,src_ca_distance,src_degree_a,src_degree_b,dst_ca_distance,dst_degree_a,dst_degree_b,head_0,head_1,head_2,head_3
3HMX_LH_AB,208804,124,124,1,27,194,27,194,0,0,0,0,0.00014613835082855076,0.00014613835082855076,0.3444957435131073,0.6369940042495728,32.89606475830078,7.0,6.0,32.89606475830078,7.0,6.0,0.6369940042495728,0.47594738006591797,0.15483693778514862,0.11020469665527344
3HMX_LH_AB,209308,628,628,1,56,194,56,194,0,0,0,0,6.41159203951247e-05,6.41159203951247e-05,0.24334752559661865,0.4519330561161041,32.47881317138672,5.0,6.0,32.47881317138672,5.0,6.0,0.4519330561161041,0.34180358052253723,0.08866304159164429,0.09099044650793076
3HMX_LH_AB,209644,964,964,1,214,194,214,194,0,0,0,0,0.0006457144627347589,0.0006457144627347589,0.23672771453857422,0.4222862422466278,28.741609573364258,5.0,6.0,28.741609573364258,5.0,6.0,0.4222862422466278,0.30011504888534546,0.08938410878181458,0.13512550294399261
3HMX_LH_AB,208720,40,40,1,0,194,0,194,0,0,0,0,0.00014666799688711762,0.00014666799688711762,0.23449654877185822,0.48467251658439636,32.44663619995117,6.0,6.0,32.44663619995117,6.0,6.0,0.48467251658439636,0.3059546649456024,0.08637161552906036,0.060987409204244614
3HMX_LH_AB,210610,1930,1930,1,275,194,275,194,0,0,0,0,0.000367743952665478,0.000367743952665478,0.23412565886974335,0.4640173614025116,28.820192337036133,6.0,6.0,28.820192337036133,6.0,6.0,0.4640173614025116,0.31058451533317566,0.09501875191926956,0.06688203662633896
3HMX_LH_AB,208762,82,82,1,1,194,1,194,0,0,0,0,0.00021894235396757722,0.00021894235396757722,0.20527128875255585,0.3432706296443939,33.1112174987793,11.0,6.0,33.1112174987793,11.0,6.0,0.3432706296443939,0.268561989068985,0.06940034031867981,0.13985222578048706
3HMX_LH_AB,209686,1006,1006,1,215,194,215,194,0,0,0,0,0.0007877579773776233,0.0007877579773776233,0.1993730366230011,0.25386178493499756,26.184064865112305,8.0,6.0,26.184064865112305,8.0,6.0,0.23669107258319855,0.25082719326019287,0.056112129241228104,0.25386178493499756
3HMX_LH_AB,209140,460,460,1,52,194,52,194,0,0,0,0,0.00020017146016471088,0.00020017146016471088,0.19492751359939575,0.33809974789619446,30.853727340698242,9.0,6.0,30.853727340698242,9.0,6.0,0.33809974789619446,0.26857468485832214,0.06263600289821625,0.11039959639310837
3HMX_LH_AB,6181,167,124,0,28,195,27,194,0,0,0,0,0.002707777777686715,0.00014613835082855076,0.19463776051998138,0.37033796310424805,26.488988876342773,14.0,11.0,32.89606475830078,7.0,6.0,0.07305917143821716,0.128197580575943,0.20695634186267853,0.37033796310424805
3HMX_LH_AB,11230,167,124,0,28,195,27,194,0,0,0,0,0.002707777777686715,0.00014613835082855076,0.19463776051998138,0.37033796310424805,26.488988876342773,14.0,11.0,32.89606475830078,7.0,6.0,0.07305917143821716,0.128197580575943,0.20695634186267853,0.37033796310424805
3HMX_LH_AB,83441,965,1006,0,214,195,215,194,0,0,0,0,0.0020911400206387043,0.0007877579773776233,0.1752164363861084,0.22793063521385193,28.050426483154297,5.0,11.0,26.184064865112305,8.0,6.0,0.20836874842643738,0.1457798182964325,0.22793063521385193,0.11878658086061478
3HMX_LH_AB,81770,965,1006,0,214,195,215,194,0,0,0,0,0.0020911400206387043,0.0007877579773776233,0.1752164363861084,0.22793063521385193,28.050426483154297,5.0,11.0,26.184064865112305,8.0,6.0,0.20836874842643738,0.1457798182964325,0.22793063521385193,0.11878658086061478
3HMX_LH_AB,209266,586,586,1,55,194,55,194,0,0,0,0,7.495780300814658e-05,7.495780300814658e-05,0.1742553412914276,0.3107287287712097,29.307300567626953,4.0,6.0,29.307300567626953,4.0,6.0,0.3107287287712097,0.27063581347465515,0.05645608529448509,0.05920076370239258
3HMX_LH_AB,209182,502,502,1,53,194,53,194,0,0,0,0,0.00014025726704858243,0.00014025726704858243,0.1699480414390564,0.21385648846626282,31.772727966308594,11.0,6.0,31.772727966308594,11.0,6.0,0.20606769621372223,0.21369291841983795,0.0461750291287899,0.21385648846626282
3HMX_LH_AB,210568,1888,1888,1,274,194,274,194,0,0,0,0,0.0009236482437700033,0.0009236482437700033,0.1633063405752182,0.21266430616378784,26.92165756225586,11.0,6.0,26.92165756225586,11.0,6.0,0.21266430616378784,0.19915597140789032,0.045821662992239,0.19558338820934296
3HMX_LH_AB,39470,503,628,0,53,195,56,194,0,0,0,0,0.0008423163671977818,6.41159203951247e-05,0.16136115789413452,0.271709144115448,29.019678115844727,11.0,11.0,32.47881317138672,5.0,6.0,0.08772442489862442,0.11702002584934235,0.16899099946022034,0.271709144115448
3HMX_LH_AB,45649,503,628,0,53,195,56,194,0,0,0,0,0.0008423163671977818,6.41159203951247e-05,0.16136115789413452,0.271709144115448,29.019678115844727,11.0,11.0,32.47881317138672,5.0,6.0,0.08772442489862442,0.11702002584934235,0.16899099946022034,0.271709144115448
3HMX_LH_AB,210988,2308,2308,1,320,194,320,194,0,0,0,0,0.025419699028134346,0.025419699028134346,0.16085685789585114,0.2785801589488983,24.818729400634766,9.0,6.0,24.818729400634766,9.0,6.0,0.2785801589488983,0.20696088671684265,0.0754091665148735,0.08247721195220947
3HMX_LH_AB,208930,250,250,1,30,194,30,194,0,0,0,0,0.00038881966611370444,0.00038881966611370444,0.15980474650859833,0.2945045530796051,29.576017379760742,9.0,6.0,29.576017379760742,9.0,6.0,0.2945045530796051,0.22391246259212494,0.050071705132722855,0.0707302913069725
3HMX_LH_AB,39460,503,586,0,53,195,55,194,0,0,0,0,0.0008423163671977818,7.495780300814658e-05,0.1570790708065033,0.26885727047920227,29.019678115844727,11.0,11.0,29.307300567626953,4.0,6.0,0.09034620225429535,0.11665590107440948,0.15245690941810608,0.26885727047920227
3HMX_LH_AB,43959,503,586,0,53,195,55,194,0,0,0,0,0.0008423163671977818,7.495780300814658e-05,0.1570790708065033,0.26885727047920227,29.019678115844727,11.0,11.0,29.307300567626953,4.0,6.0,0.09034620225429535,0.11665590107440948,0.15245690941810608,0.26885727047920227
3HMX_LH_AB,208888,208,208,1,29,194,29,194,0,0,0,0,0.0003257810021750629,0.0003257810021750629,0.1534757912158966,0.277128666639328,29.725011825561523,8.0,6.0,29.725011825561523,8.0,6.0,0.277128666639328,0.21691179275512695,0.04910242557525635,0.07076027244329453
3HMX_LH_AB,81750,965,1048,0,214,195,239,194,0,0,0,0,0.0020911400206387043,0.002547978889197111,0.14826597273349762,0.19766035676002502,28.050426483154297,5.0,11.0,24.775720596313477,7.0,6.0,0.18031176924705505,0.11680738627910614,0.19766035676002502,0.09828440099954605
3HMX_LH_AB,85685,965,1048,0,214,195,239,194,0,0,0,0,0.0020911400206387043,0.002547978889197111,0.14826597273349762,0.19766035676002502,28.050426483154297,5.0,11.0,24.775720596313477,7.0,6.0,0.18031176924705505,0.11680738627910614,0.19766035676002502,0.09828440099954605
3HMX_LH_AB,83462,1007,964,0,215,195,214,194,0,0,0,0,0.002545904368162155,0.0006457144627347589,0.1465306431055069,0.18340905010700226,25.304489135742188,8.0,11.0,28.741609573364258,5.0,6.0,0.10394012928009033,0.11953943222761154,0.17923393845558167,0.18340905010700226
3HMX_LH_AB,81749,1007,964,0,215,195,214,194,0,0,0,0,0.002545904368162155,0.0006457144627347589,0.1465306431055069,0.18340905010700226,25.304489135742188,8.0,11.0,28.741609573364258,5.0,6.0,0.10394012928009033,0.11953943222761154,0.17923393845558167,0.18340905010700226
3HMX_LH_AB,45674,629,586,0,56,195,55,194,0,0,0,0,0.0003533167764544487,7.495780300814658e-05,0.14451166987419128,0.19798994064331055,30.454524993896484,5.0,11.0,29.307300567626953,4.0,6.0,0.1794683188199997,0.141104593873024,0.19798994064331055,0.059483833611011505
3HMX_LH_AB,43957,629,586,0,56,195,55,194,0,0,0,0,0.0003533167764544487,7.495780300814658e-05,0.14451166987419128,0.19798994064331055,30.454524993896484,5.0,11.0,29.307300567626953,4.0,6.0,0.1794683188199997,0.141104593873024,0.19798994064331055,0.059483833611011505
3HMX_LH_AB,5026,83,40,0,1,195,0,194,0,0,0,0,0.0011239734012633562,0.00014666799688711762,0.14026685059070587,0.18507522344589233,29.866580963134766,11.0,11.0,32.44663619995117,6.0,6.0,0.11625757813453674,0.113570936024189,0.18507522344589233,0.14616365730762482
3HMX_LH_AB,2209,83,40,0,1,195,0,194,0,0,0,0,0.0011239734012633562,0.00014666799688711762,0.14026685059070587,0.18507522344589233,29.866580963134766,11.0,11.0,32.44663619995117,6.0,6.0,0.11625757813453674,0.113570936024189,0.18507522344589233,0.14616365730762482
3HMX_LH_AB,75526,881,1930,0,94,195,275,194,0,0,0,0,0.0016807223437353969,0.000367743952665478,0.13747531175613403,0.1877855360507965,24.1092586517334,12.0,11.0,28.820192337036133,6.0,6.0,0.0897119790315628,0.11556587368249893,0.1568378508090973,0.1877855360507965
3HMX_LH_AB,171989,881,1930,0,94,195,275,194,0,0,0,0,0.0016807223437353969,0.000367743952665478,0.13747531175613403,0.1877855360507965,24.1092586517334,12.0,11.0,28.820192337036133,6.0,6.0,0.0897119790315628,0.11556587368249893,0.1568378508090973,0.1877855360507965
3HMX_LH_AB,209728,1048,1048,1,239,194,239,194,0,0,0,0,0.002547978889197111,0.002547978889197111,0.13662776350975037,0.18278680741786957,24.775720596313477,7.0,6.0,24.775720596313477,7.0,6.0,0.1787683665752411,0.18278680741786957,0.04828641563653946,0.13666948676109314
3HMX_LH_AB,6183,209,124,0,29,195,27,194,0,0,0,0,0.002152106026187539,0.00014613835082855076,0.13311435282230377,0.21562518179416656,26.00694465637207,8.0,11.0,32.89606475830078,7.0,6.0,0.10844382643699646,0.13382874429225922,0.21562518179416656,0.07455965876579285
3HMX_LH_AB,14060,209,124,0,29,195,27,194,0,0,0,0,0.002152106026187539,0.00014613835082855076,0.13311435282230377,0.21562518179416656,26.00694465637207,8.0,11.0,32.89606475830078,7.0,6.0,0.10844382643699646,0.13382874429225922,0.21562518179416656,0.07455965876579285
3HMX_LH_AB,170298,1889,1930,0,274,195,275,194,0,0,0,0,0.003271294990554452,0.000367743952665478,0.13176696002483368,0.16945508122444153,24.64267349243164,11.0,11.0,28.820192337036133,6.0,6.0,0.09261295199394226,0.11682829260826111,0.16945508122444153,0.148171529173851
3HMX_LH_AB,171987,1889,1930,0,274,195,275,194,0,0,0,0,0.003271294990554452,0.000367743952665478,0.13176696002483368,0.16945508122444153,24.64267349243164,11.0,11.0,28.820192337036133,6.0,6.0,0.09261295199394226,0.11682829260826111,0.16945508122444153,0.148171529173851
3HMX_LH_AB,81745,1049,964,0,239,195,214,194,0,0,0,0,0.007793010678142309,0.0006457144627347589,0.13023775815963745,0.16675707697868347,24.53681182861328,7.0,11.0,28.741609573364258,5.0,6.0,0.09999896585941315,0.11845307797193527,0.16675707697868347,0.1357419341802597
3HMX_LH_AB,85708,1049,964,0,239,195,214,194,0,0,0,0,0.007793010678142309,0.0006457144627347589,0.13023775815963745,0.16675707697868347,24.53681182861328,7.0,11.0,28.741609573364258,5.0,6.0,0.09999896585941315,0.11845307797193527,0.16675707697868347,0.1357419341802597
3HMX_LH_AB,209350,670,670,1,89,194,89,194,0,0,0,0,0.0003945291682612151,0.0003945291682612151,0.1263609528541565,0.1768658459186554,29.473421096801758,15.0,6.0,29.473421096801758,15.0,6.0,0.1493159830570221,0.14884687960147858,0.030415069311857224,0.1768658459186554
3HMX_LH_AB,39440,503,460,0,53,195,52,194,0,0,0,0,0.0008423163671977818,0.00020017146016471088,0.1256922036409378,0.15345318615436554,29.019678115844727,11.0,11.0,30.853727340698242,9.0,6.0,0.11480049788951874,0.10988695919513702,0.15345318615436554,0.12462819367647171
3HMX_LH_AB,36617,503,460,0,53,195,52,194,0,0,0,0,0.0008423163671977818,0.00020017146016471088,0.1256922036409378,0.15345318615436554,29.019678115844727,11.0,11.0,30.853727340698242,9.0,6.0,0.11480049788951874,0.10988695919513702,0.15345318615436554,0.12462819367647171
3HMX_LH_AB,83437,1049,1006,0,239,195,215,194,0,0,0,0,0.007793010678142309,0.0007877579773776233,0.1252102255821228,0.1473914086818695,24.53681182861328,7.0,11.0,26.184064865112305,8.0,6.0,0.10449346154928207,0.11763232946395874,0.1473914086818695,0.1313237100839615
3HMX_LH_AB,85718,1049,1006,0,239,195,215,194,0,0,0,0,0.007793010678142309,0.0007877579773776233,0.1252102255821228,0.1473914086818695,24.53681182861328,7.0,11.0,26.184064865112305,8.0,6.0,0.10449346154928207,0.11763232946395874,0.1473914086818695,0.1313237100839615
3HMX_LH_AB,209098,418,418,1,49,194,49,194,0,0,0,0,0.0009555266587994993,0.0009555266587994993,0.1241312101483345,0.20098501443862915,27.991504669189453,10.0,6.0,27.991504669189453,10.0,6.0,0.20098501443862915,0.17324350774288177,0.03645866736769676,0.08583762496709824
3HMX_LH_AB,209224,544,544,1,54,194,54,194,0,0,0,0,0.0001448296388844028,0.0001448296388844028,0.1231326013803482,0.18271706998348236,29.259008407592773,9.0,6.0,29.259008407592773,9.0,6.0,0.16726304590702057,0.18271706998348236,0.034595929086208344,0.10795436054468155
3HMX_LH_AB,209014,334,334,1,32,194,32,194,0,0,0,0,0.0004918634658679366,0.0004918634658679366,0.12280981242656708,0.1933908462524414,29.898853302001953,13.0,6.0,29.898853302001953,13.0,6.0,0.1933908462524414,0.15986666083335876,0.034416891634464264,0.10356484353542328
3HMX_LH_AB,81760,965,1090,0,214,195,240,194,0,0,0,0,0.0020911400206387043,0.006937722209841013,0.12278448045253754,0.15884502232074738,28.050426483154297,5.0,11.0,21.27159309387207,7.0,6.0,0.15884502232074738,0.09689587354660034,0.15118668973445892,0.08421032130718231
3HMX_LH_AB,88495,965,1090,0,214,195,240,194,0,0,0,0,0.0020911400206387043,0.006937722209841013,0.12278448045253754,0.15884502232074738,28.050426483154297,5.0,11.0,21.27159309387207,7.0,6.0,0.15884502232074738,0.09689587354660034,0.15118668973445892,0.08421032130718231
3HMX_LH_AB,208635,2015,2308,0,312,195,320,194,0,0,0,0,0.22928626835346222,0.025419699028134346,0.12144076824188232,0.2123003602027893,18.34227752685547,15.0,11.0,24.818729400634766,9.0,6.0,0.08276470750570297,0.09649127721786499,0.09420673549175262,0.2123003602027893
3HMX_LH_AB,181498,2015,2308,0,312,195,320,194,0,0,0,0,0.22928626835346222,0.025419699028134346,0.12144076824188232,0.2123003602027893,18.34227752685547,15.0,11.0,24.818729400634766,9.0,6.0,0.08276470750570297,0.09649127721786499,0.09420673549175262,0.2123003602027893
3HMX_LH_AB,209056,376,376,1,48,194,48,194,0,0,0,0,0.0005609005456790328,0.0005609005456790328,0.12001484632492065,0.16474179923534393,28.528745651245117,13.0,6.0,28.528745651245117,13.0,6.0,0.13864575326442719,0.14821161329746246,0.028460217639803886,0.16474179923534393
3HMX_LH_AB,85687,1007,1048,0,215,195,239,194,0,0,0,0,0.002545904368162155,0.002547978889197111,0.11695675551891327,0.1373804658651352,25.304489135742188,8.0,11.0,24.775720596313477,7.0,6.0,0.0939871296286583,0.10325326025485992,0.1373804658651352,0.13320618867874146
3HMX_LH_AB,83442,1007,1048,0,215,195,239,194,0,0,0,0,0.002545904368162155,0.002547978889197111,0.11695675551891327,0.1373804658651352,25.304489135742188,8.0,11.0,24.775720596313477,7.0,6.0,0.0939871296286583,0.10325326025485992,0.1373804658651352,0.13320618867874146
3HMX_LH_AB,193405,2057,2140,0,313,195,315,194,0,0,0,0,0.2496807724237442,0.059310924261808395,0.11518830806016922,0.12821567058563232,17.953615188598633,11.0,11.0,17.627975463867188,4.0,6.0,0.1075335294008255,0.1098957434296608,0.11510828882455826,0.12821567058563232
3HMX_LH_AB,187208,2057,2140,0,313,195,315,194,0,0,0,0,0.2496807724237442,0.059310924261808395,0.11518830806016922,0.12821567058563232,17.953615188598633,11.0,11.0,17.627975463867188,4.0,6.0,0.1075335294008255,0.1098957434296608,0.11510828882455826,0.12821567058563232
3HMX_LH_AB,208846,166,166,1,28,194,28,194,0,0,0,0,0.0004232990322634578,0.0004232990322634578,0.11369846761226654,0.14940474927425385,30.116506576538086,14.0,6.0,30.116506576538086,14.0,6.0,0.13843855261802673,0.13840298354625702,0.028547583147883415,0.14940474927425385
3HMX_LH_AB,171985,1847,1930,0,273,195,275,194,0,0,0,0,0.013876085169613361,0.000367743952665478,0.11369487643241882,0.1306018978357315,22.078079223632812,11.0,11.0,28.820192337036133,6.0,6.0,0.08566635102033615,0.11231360584497452,0.1261976808309555,0.1306018978357315
3HMX_LH_AB,167488,1847,1930,0,273,195,275,194,0,0,0,0,0.013876085169613361,0.000367743952665478,0.11369487643241882,0.1306018978357315,22.078079223632812,11.0,11.0,28.820192337036133,6.0,6.0,0.08566635102033615,0.11231360584497452,0.1261976808309555,0.1306018978357315
3HMX_LH_AB,210652,1972,1972,1,311,194,311,194,0,0,0,0,0.07263946533203125,0.07263946533203125,0.1136600598692894,0.15221823751926422,22.35555076599121,12.0,6.0,22.35555076599121,12.0,6.0,0.15221823751926422,0.13172690570354462,0.06196048855781555,0.1087346076965332
3HMX_LH_AB,45651,545,628,0,54,195,56,194,0,0,0,0,0.0008511555497534573,6.41159203951247e-05,0.11291703581809998,0.1435653418302536,26.752538681030273,9.0,11.0,32.47881317138672,5.0,6.0,0.07264985144138336,0.10097010433673859,0.13448286056518555,0.1435653418302536
3HMX_LH_AB,42290,545,628,0,54,195,56,194,0,0,0,0,0.0008511555497534573,6.41159203951247e-05,0.11291703581809998,0.1435653418302536,26.752538681030273,9.0,11.0,32.47881317138672,5.0,6.0,0.07264985144138336,0.10097010433673859,0.13448286056518555,0.1435653418302536
3HMX_LH_AB,210820,2140,2140,1,315,194,315,194,0,0,0,0,0.059310924261808395,0.059310924261808395,0.11278896033763885,0.13512665033340454,17.627975463867188,4.0,6.0,17.627975463867188,4.0,6.0,0.13512665033340454,0.12882015109062195,0.09304595738649368,0.09416308254003525
3HMX_LH_AB,170273,1931,1888,0,275,195,274,194,0,0,0,0,0.0013581758830696344,0.0009236482437700033,0.11244725435972214,0.1568910777568817,26.59872055053711,6.0,11.0,26.92165756225586,11.0,6.0,0.1568910777568817,0.10047227889299393,0.14945322275161743,0.04297245666384697
3HMX_LH_AB,172000,1931,1888,0,275,195,274,194,0,0,0,0,0.0013581758830696344,0.0009236482437700033,0.11244725435972214,0.1568910777568817,26.59872055053711,6.0,11.0,26.92165756225586,11.0,6.0,0.1568910777568817,0.10047227889299393,0.14945322275161743,0.04297245666384697
3HMX_LH_AB,198488,2183,2140,0,316,195,315,194,0,0,0,0,0.1187722384929657,0.059310924261808395,0.11236411333084106,0.11499018222093582,17.58846664428711,9.0,11.0,17.627975463867188,4.0,6.0,0.1097184270620346,0.10986540466547012,0.11488242447376251,0.11499018222093582
3HMX_LH_AB,193409,2183,2140,0,316,195,315,194,0,0,0,0,0.1187722384929657,0.059310924261808395,0.11236411333084106,0.11499018222093582,17.58846664428711,9.0,11.0,17.627975463867188,4.0,6.0,0.1097184270620346,0.10986540466547012,0.11488242447376251,0.11499018222093582
3HMX_LH_AB,193411,2225,2140,0,317,195,315,194,0,0,0,0,0.18432830274105072,0.059310924261808395,0.11215809732675552,0.11605960130691528,17.89215087890625,8.0,11.0,17.627975463867188,4.0,6.0,0.11247801780700684,0.11067415028810501,0.11605960130691528,0.10942063480615616
3HMX_LH_AB,202446,2225,2140,0,317,195,315,194,0,0,0,0,0.18432830274105072,0.059310924261808395,0.11215809732675552,0.11605960130691528,17.89215087890625,8.0,11.0,17.627975463867188,4.0,6.0,0.11247801780700684,0.11067415028810501,0.11605960130691528,0.10942063480615616
3HMX_LH_AB,42280,545,586,0,54,195,55,194,0,0,0,0,0.0008511555497534573,7.495780300814658e-05,0.11128155887126923,0.14205847680568695,26.752538681030273,9.0,11.0,29.307300567626953,4.0,6.0,0.0748211070895195,0.10692157596349716,0.12132507562637329,0.14205847680568695
3HMX_LH_AB,43961,545,586,0,54,195,55,194,0,0,0,0,0.0008511555497534573,7.495780300814658e-05,0.11128155887126923,0.14205847680568695,26.752538681030273,9.0,11.0,29.307300567626953,4.0,6.0,0.0748211070895195,0.10692157596349716,0.12132507562637329,0.14205847680568695
3HMX_LH_AB,11250,167,208,0,28,195,29,194,0,0,0,0,0.002707777777686715,0.0003257810021750629,0.11021170020103455,0.2136322259902954,26.488988876342773,14.0,11.0,29.725011825561523,8.0,6.0,0.05564894527196884,0.07554604858160019,0.09601957350969315,0.2136322259902954
3HMX_LH_AB,14045,167,208,0,28,195,29,194,0,0,0,0,0.002707777777686715,0.0003257810021750629,0.11021170020103455,0.2136322259902954,26.488988876342773,14.0,11.0,29.725011825561523,8.0,6.0,0.05564894527196884,0.07554604858160019,0.09601957350969315,0.2136322259902954
3HMX_LH_AB,210526,1846,1846,1,273,194,273,194,0,0,0,0,0.00466872239485383,0.00466872239485383,0.10879525542259216,0.13790780305862427,24.017019271850586,11.0,6.0,24.017019271850586,11.0,6.0,0.13354171812534332,0.13790780305862427,0.03705409914255142,0.12667740881443024
3HMX_LH_AB,6194,125,208,0,27,195,29,194,0,0,0,0,0.0010408330708742142,0.0003257810021750629,0.10849467664957047,0.14718873798847198,29.226913452148438,7.0,11.0,29.725011825561523,8.0,6.0,0.1456976681947708,0.10235786437988281,0.14718873798847198,0.03873442858457565
3HMX_LH_AB,14043,125,208,0,27,195,29,194,0,0,0,0,0.0010408330708742142,0.0003257810021750629,0.10849467664957047,0.14718873798847198,29.226913452148438,7.0,11.0,29.725011825561523,8.0,6.0,0.1456976681947708,0.10235786437988281,0.14718873798847198,0.03873442858457565
3HMX_LH_AB,2216,41,82,0,0,195,1,194,0,0,0,0,0.0007097611087374389,0.00021894235396757722,0.10819265991449356,0.15365883708000183,29.41755485534668,6.0,11.0,33.1112174987793,11.0,6.0,0.15171010792255402,0.10457298159599304,0.15365883708000183,0.022828711196780205
3HMX_LH_AB,5017,41,82,0,0,195,1,194,0,0,0,0,0.0007097611087374389,0.00021894235396757722,0.10819265991449356,0.15365883708000183,29.41755485534668,6.0,11.0,33.1112174987793,11.0,6.0,0.15171010792255402,0.10457298159599304,0.15365883708000183,0.022828711196780205
3HMX_LH_AB,175344,1973,2308,0,311,195,320,194,0,0,0,0,0.2646130621433258,0.025419699028134346,0.10760799050331116,0.12873061001300812,20.639528274536133,12.0,11.0,24.818729400634766,9.0,6.0,0.09300624579191208,0.10076157748699188,0.12873061001300812,0.10793350636959076
3HMX_LH_AB,208633,1973,2308,0,311,195,320,194,0,0,0,0,0.2646130621433258,0.025419699028134346,0.10760799050331116,0.12873061001300812,20.639528274536133,12.0,11.0,24.818729400634766,9.0,6.0,0.09300624579191208,0.10076157748699188,0.12873061001300812,0.10793350636959076
3HMX_LH_AB,171990,1931,1846,0,275,195,273,194,0,0,0,0,0.0013581758830696344,0.00466872239485383,0.10527514666318893,0.15320633351802826,26.59872055053711,6.0,11.0,24.017019271850586,11.0,6.0,0.15320633351802826,0.08696947246789932,0.13889113068580627,0.042033638805150986
3HMX_LH_AB,167445,1931,1846,0,275,195,273,194,0,0,0,0,0.0013581758830696344,0.00466872239485383,0.10527514666318893,0.15320633351802826,26.59872055053711,6.0,11.0,24.017019271850586,11.0,6.0,0.15320633351802826,0.08696947246789932,0.13889113068580627,0.042033638805150986
3HMX_LH_AB,81747,1091,964,0,240,195,214,194,0,0,0,0,0.019234314560890198,0.0006457144627347589,0.10486775636672974,0.11328628659248352,20.862390518188477,7.0,11.0,28.741609573364258,5.0,6.0,0.08491779863834381,0.11194995790719986,0.10931698232889175,0.11328628659248352
3HMX_LH_AB,88528,1091,964,0,240,195,214,194,0,0,0,0,0.019234314560890198,0.0006457144627347589,0.10486775636672974,0.11328628659248352,20.862390518188477,7.0,11.0,28.741609573364258,5.0,6.0,0.08491779863834381,0.11194995790719986,0.10931698232889175,0.11328628659248352
3HMX_LH_AB,50126,671,82,0,89,195,1,194,0,0,0,0,0.0023966121952980757,0.00021894235396757722,0.10472235083580017,0.2082669585943222,26.210474014282227,15.0,11.0,33.1112174987793,11.0,6.0,0.04615960270166397,0.07248860597610474,0.09197423607110977,0.2082669585943222
3HMX_LH_AB,5019,671,82,0,89,195,1,194,0,0,0,0,0.0023966121952980757,0.00021894235396757722,0.10472235083580017,0.2082669585943222,26.210474014282227,15.0,11.0,33.1112174987793,11.0,6.0,0.04615960270166397,0.07248860597610474,0.09197423607110977,0.2082669585943222
3HMX_LH_AB,45653,587,628,0,55,195,56,194,0,0,0,0,0.00040888303192332387,6.41159203951247e-05,0.10404807329177856,0.15219463407993317,27.12984848022461,4.0,11.0,32.47881317138672,5.0,6.0,0.11365923285484314,0.11110811680555344,0.15219463407993317,0.03923030197620392
3HMX_LH_AB,43962,587,628,0,55,195,56,194,0,0,0,0,0.00040888303192332387,6.41159203951247e-05,0.10404807329177856,0.15219463407993317,27.12984848022461,4.0,11.0,32.47881317138672,5.0,6.0,0.11365923285484314,0.11110811680555344,0.15219463407993317,0.03923030197620392
3HMX_LH_AB,193407,2099,2140,0,314,195,315,194,0,0,0,0,0.30564528703689575,0.059310924261808395,0.10389498621225357,0.10742666572332382,14.389461517333984,7.0,11.0,17.627975463867188,4.0,6.0,0.1027066558599472,0.1051546260714531,0.10742666572332382,0.10029200464487076
3HMX_LH_AB,191166,2099,2140,0,314,195,315,194,0,0,0,0,0.30564528703689575,0.059310924261808395,0.10389498621225357,0.10742666572332382,14.389461517333984,7.0,11.0,17.627975463867188,4.0,6.0,0.1027066558599472,0.1051546260714531,0.10742666572332382,0.10029200464487076
3HMX_LH_AB,30970,377,460,0,48,195,52,194,0,0,0,0,0.004126299638301134,0.00020017146016471088,0.103570356965065,0.17705141007900238,25.458602905273438,13.0,11.0,30.853727340698242,9.0,6.0,0.05715668946504593,0.08138255774974823,0.09869078546762466,0.17705141007900238
3HMX_LH_AB,36613,377,460,0,48,195,52,194,0,0,0,0,0.004126299638301134,0.00020017146016471088,0.103570356965065,0.17705141007900238,25.458602905273438,13.0,11.0,30.853727340698242,9.0,6.0,0.05715668946504593,0.08138255774974823,0.09869078546762466,0.17705141007900238
3HMX_LH_AB,16865,167,250,0,28,195,30,194,0,0,0,0,0.002707777777686715,0.00038881966611370444,0.10297510772943497,0.1653365194797516,26.488988876342773,14.0,11.0,29.576017379760742,9.0,6.0,0.06540275365114212,0.0799412801861763,0.10121987760066986,0.1653365194797516
3HMX_LH_AB,11260,167,250,0,28,195,30,194,0,0,0,0,0.002707777777686715,0.00038881966611370444,0.10297510772943497,0.1653365194797516,26.488988876342773,14.0,11.0,29.576017379760742,9.0,6.0,0.06540275365114212,0.0799412801861763,0.10121987760066986,0.1653365194797516
3HMX_LH_AB,208639,2267,2308,0,318,195,320,194,0,0,0,0,0.09099659323692322,0.025419699028134346,0.10233116894960403,0.14328455924987793,21.29183006286621,10.0,11.0,24.818729400634766,9.0,6.0,0.09787722676992416,0.10232111811637878,0.14328455924987793,0.06584176421165466
3HMX_LH_AB,206354,2267,2308,0,318,195,320,194,0,0,0,0,0.09099659323692322,0.025419699028134346,0.10233116894960403,0.14328455924987793,21.29183006286621,10.0,11.0,24.818729400634766,9.0,6.0,0.09787722676992416,0.10232111811637878,0.14328455924987793,0.06584176421165466
3HMX_LH_AB,39429,629,502,0,56,195,53,194,0,0,0,0,0.0003533167764544487,0.00014025726704858243,0.10228989273309708,0.14128661155700684,30.454524993896484,5.0,11.0,31.772727966308594,11.0,6.0,0.14128661155700684,0.10121022909879684,0.13650429248809814,0.030158426612615585
3HMX_LH_AB,45654,629,502,0,56,195,53,194,0,0,0,0,0.0003533167764544487,0.00014025726704858243,0.10228989273309708,0.14128661155700684,30.454524993896484,5.0,11.0,31.772727966308594,11.0,6.0,0.14128661155700684,0.10121022909879684,0.13650429248809814,0.030158426612615585
3HMX_LH_AB,75516,881,1888,0,94,195,274,194,0,0,0,0,0.0016807223437353969,0.0009236482437700033,0.10206422954797745,0.16172276437282562,24.1092586517334,12.0,11.0,26.92165756225586,11.0,6.0,0.0672818273305893,0.07730597257614136,0.10194635391235352,0.16172276437282562
3HMX_LH_AB,170277,881,1888,0,94,195,274,194,0,0,0,0,0.0016807223437353969,0.0009236482437700033,0.10206422954797745,0.16172276437282562,24.1092586517334,12.0,11.0,26.92165756225586,11.0,6.0,0.0672818273305893,0.07730597257614136,0.10194635391235352,0.16172276437282562
